HWSD2_SMU_ID,SEQUENCE,TOPDEP,PH_WATER,TOTAL_N,ORG_CARBON,CEC_SOIL,CLAY,SAND,SILT,WRB4,SHARE
16810,1,40,6.5,0.40000001,0.34200001,6,13,70,17,RGeu,50
17612,2,0,5.5999999,0.44999999,0.31,6,13,71,16,ALha,30
17612,2,20,5.6999998,0.28999999,0.26300001,7,17,66,17,ALha,30
17612,2,40,5.5999999,0.52999997,0.22400001,9,23,60,17,ALha,30
17612,2,60,5.3000002,0.47,0.178,9,22,63,15,ALha,30
17612,2,80,5.5999999,0.44,0.132,8,20,66,14,ALha,30
17612,2,100,5,0.44,0.15900001,7,27,40,33,ALha,30
17612,2,150,5.0999999,0.41,0.122,10,25,43,32,ALha,30
17606,2,0,5.1999998,3.6600001,5.8769999,27,29,27,44,UMal,35
17606,2,20,5.1999998,1.27,1.75,20,32,26,42,UMal,35
17606,2,40,5.1999998,0.91000003,0.912,19,34,26,40,UMal,35
17606,2,60,5.1999998,0.66000003,0.62699997,18,35,27,38,UMal,35
17606,2,80,5.1999998,0.61000001,0.55199999,17,34,28,38,UMal,35
17606,2,100,5.1999998,0.54000002,0.35999998,18,32,32,36,UMal,35
17606,2,150,5.1999998,0.47999999,0.27599999,16,28,36,36,UMal,35
32142,1,0,6.5999999,0.25,0.24000001,3,5,90,5,AR,100
32142,1,20,6.5,0.20999999,0.17399999,3,6,89,5,AR,100
32142,1,40,6.5,0.19,0.139,3,6,89,5,AR,100
32142,1,60,6.5,0.16,0.112,3,6,89,5,AR,100
32142,1,80,6.5,0.17,0.11799999,3,7,88,5,AR,100
32142,1,100,6.5999999,0.16,0.111,3,7,88,5,AR,100
32142,1,150,6.5,0.1,0.079999998,3,7,88,5,AR,100
27017,5,0,6.4000001,0.49000001,0.72500002,5,7,87,6,ARbr,5
27017,5,20,6.4000001,0.28,0.38599998,3,7,87,6,ARbr,5
27017,5,40,6.5,0.25,0.28399998,3,7,86,7,ARbr,5
27017,5,60,6.5999999,0.22,0.183,3,8,84,8,ARbr,5
27017,5,80,6.8000002,0.19,0.126,5,9,82,9,ARbr,5
27017,5,100,6.5999999,0.19,0.108,2,5,90,5,ARbr,5
27017,5,150,6.8000002,0.1,0.082999997,3,5,91,4,ARbr,5
26920,1,0,6.9000001,0.22,0.24200001,4,6,89,5,ARbr,100
16907,1,0,6.9000001,0.22,0.24200001,4,6,89,5,ARbr,80
17614,1,0,6.9000001,0.22,0.24200001,4,6,89,5,ARbr,100
16906,1,0,6.9000001,0.22,0.24200001,4,6,89,5,ARbr,70
27030,1,0,6.9000001,0.22,0.24200001,4,6,89,5,ARbr,80
27024,4,0,6.9000001,0.22,0.24200001,4,6,89,5,ARbr,10
17602,1,0,6.9000001,0.22,0.24200001,4,6,89,5,ARbr,100
26920,1,20,6.8000002,0.22,0.171,4,6,89,5,ARbr,100
16907,1,20,6.8000002,0.22,0.171,4,6,89,5,ARbr,80
17614,1,20,6.8000002,0.22,0.171,4,6,89,5,ARbr,100
16906,1,20,6.8000002,0.22,0.171,4,6,89,5,ARbr,70
27030,1,20,6.8000002,0.22,0.171,4,6,89,5,ARbr,80
27024,4,20,6.8000002,0.22,0.171,4,6,89,5,ARbr,10
17602,1,20,6.8000002,0.22,0.171,4,6,89,5,ARbr,100
26920,1,40,6.6999998,0.22,0.14199999,4,5,90,5,ARbr,100
16907,1,40,6.6999998,0.22,0.14199999,4,5,90,5,ARbr,80
17614,1,40,6.6999998,0.22,0.14199999,4,5,90,5,ARbr,100
16906,1,40,6.6999998,0.22,0.14199999,4,5,90,5,ARbr,70
27030,1,40,6.6999998,0.22,0.14199999,4,5,90,5,ARbr,80
27024,4,40,6.6999998,0.22,0.14199999,4,5,90,5,ARbr,10
17602,1,40,6.6999998,0.22,0.14199999,4,5,90,5,ARbr,100
26920,1,60,6.8000002,0.20999999,0.103,4,5,89,6,ARbr,100
16907,1,60,6.8000002,0.20999999,0.103,4,5,89,6,ARbr,80
17614,1,60,6.8000002,0.20999999,0.103,4,5,89,6,ARbr,100
16906,1,60,6.8000002,0.20999999,0.103,4,5,89,6,ARbr,70
27030,1,60,6.8000002,0.20999999,0.103,4,5,89,6,ARbr,80
27024,4,60,6.8000002,0.20999999,0.103,4,5,89,6,ARbr,10
17602,1,60,6.8000002,0.20999999,0.103,4,5,89,6,ARbr,100
26920,1,80,6.8000002,0.22,0.102,4,5,89,6,ARbr,100
16907,1,80,6.8000002,0.22,0.102,4,5,89,6,ARbr,80
17614,1,80,6.8000002,0.22,0.102,4,5,89,6,ARbr,100
16906,1,80,6.8000002,0.22,0.102,4,5,89,6,ARbr,70
27030,1,80,6.8000002,0.22,0.102,4,5,89,6,ARbr,80
27024,4,80,6.8000002,0.22,0.102,4,5,89,6,ARbr,10
17602,1,80,6.8000002,0.22,0.102,4,5,89,6,ARbr,100
26920,1,100,6.9000001,0.23,0.10700001,4,5,89,6,ARbr,100
16907,1,100,6.9000001,0.23,0.10700001,4,5,89,6,ARbr,80
17614,1,100,6.9000001,0.23,0.10700001,4,5,89,6,ARbr,100
16906,1,100,6.9000001,0.23,0.10700001,4,5,89,6,ARbr,70
27030,1,100,6.9000001,0.23,0.10700001,4,5,89,6,ARbr,80
27024,4,100,6.9000001,0.23,0.10700001,4,5,89,6,ARbr,10
17602,1,100,6.9000001,0.23,0.10700001,4,5,89,6,ARbr,100
26920,1,150,7.4000001,0.1,0.096000001,4,6,88,6,ARbr,100
16907,1,150,7.4000001,0.1,0.096000001,4,6,88,6,ARbr,80
17614,1,150,7.4000001,0.1,0.096000001,4,6,88,6,ARbr,100
16906,1,150,7.4000001,0.1,0.096000001,4,6,88,6,ARbr,70
27030,1,150,7.4000001,0.1,0.096000001,4,6,88,6,ARbr,80
27024,4,150,7.4000001,0.1,0.096000001,4,6,88,6,ARbr,10
17602,1,150,7.4000001,0.1,0.096000001,4,6,88,6,ARbr,100
26993,3,0,8,0.25999999,0.255,5,6,88,6,ARca,20
26914,1,0,8,0.25999999,0.255,5,6,88,6,ARca,70
26915,1,0,8,0.25999999,0.255,5,6,88,6,ARca,100
26916,1,0,8,0.25999999,0.255,5,6,88,6,ARca,100
26987,3,0,8,0.25999999,0.255,5,6,88,6,ARca,20
26918,1,0,8,0.25999999,0.255,5,6,88,6,ARca,60
26935,2,0,8,0.25999999,0.255,5,6,88,6,ARca,30
26917,1,0,8,0.25999999,0.255,5,6,88,6,ARca,100
26989,3,0,8,0.25999999,0.255,5,6,88,6,ARca,30
26919,1,0,8,0.25999999,0.255,5,6,88,6,ARca,100
26993,3,20,8.3000002,0.23,0.20899999,4,7,87,6,ARca,20
26914,1,20,8.3000002,0.23,0.20899999,4,7,87,6,ARca,70
26915,1,20,8.3000002,0.23,0.20899999,4,7,87,6,ARca,100
26916,1,20,8.3000002,0.23,0.20899999,4,7,87,6,ARca,100
26987,3,20,8.3000002,0.23,0.20899999,4,7,87,6,ARca,20
26918,1,20,8.3000002,0.23,0.20899999,4,7,87,6,ARca,60
26935,2,20,8.3000002,0.23,0.20899999,4,7,87,6,ARca,30
26917,1,20,8.3000002,0.23,0.20899999,4,7,87,6,ARca,100
26989,3,20,8.3000002,0.23,0.20899999,4,7,87,6,ARca,30
26919,1,20,8.3000002,0.23,0.20899999,4,7,87,6,ARca,100
26993,3,40,8.3999996,0.19,0.15700001,4,7,88,5,ARca,20
26914,1,40,8.3999996,0.19,0.15700001,4,7,88,5,ARca,70
26915,1,40,8.3999996,0.19,0.15700001,4,7,88,5,ARca,100
26916,1,40,8.3999996,0.19,0.15700001,4,7,88,5,ARca,100
26987,3,40,8.3999996,0.19,0.15700001,4,7,88,5,ARca,20
26918,1,40,8.3999996,0.19,0.15700001,4,7,88,5,ARca,60
26935,2,40,8.3999996,0.19,0.15700001,4,7,88,5,ARca,30
26917,1,40,8.3999996,0.19,0.15700001,4,7,88,5,ARca,100
26989,3,40,8.3999996,0.19,0.15700001,4,7,88,5,ARca,30
26919,1,40,8.3999996,0.19,0.15700001,4,7,88,5,ARca,100
26993,3,60,8.3999996,0.20999999,0.14299999,4,7,88,5,ARca,20
26914,1,60,8.3999996,0.20999999,0.14299999,4,7,88,5,ARca,70
26915,1,60,8.3999996,0.20999999,0.14299999,4,7,88,5,ARca,100
26916,1,60,8.3999996,0.20999999,0.14299999,4,7,88,5,ARca,100
26987,3,60,8.3999996,0.20999999,0.14299999,4,7,88,5,ARca,20
26918,1,60,8.3999996,0.20999999,0.14299999,4,7,88,5,ARca,60
26935,2,60,8.3999996,0.20999999,0.14299999,4,7,88,5,ARca,30
26917,1,60,8.3999996,0.20999999,0.14299999,4,7,88,5,ARca,100
26989,3,60,8.3999996,0.20999999,0.14299999,4,7,88,5,ARca,30
26919,1,60,8.3999996,0.20999999,0.14299999,4,7,88,5,ARca,100
26993,3,80,8.3999996,0.20999999,0.148,4,8,87,5,ARca,20
26914,1,80,8.3999996,0.20999999,0.148,4,8,87,5,ARca,70
26915,1,80,8.3999996,0.20999999,0.148,4,8,87,5,ARca,100
26916,1,80,8.3999996,0.20999999,0.148,4,8,87,5,ARca,100
26987,3,80,8.3999996,0.20999999,0.148,4,8,87,5,ARca,20
26918,1,80,8.3999996,0.20999999,0.148,4,8,87,5,ARca,60
26935,2,80,8.3999996,0.20999999,0.148,4,8,87,5,ARca,30
26917,1,80,8.3999996,0.20999999,0.148,4,8,87,5,ARca,100
26989,3,80,8.3999996,0.20999999,0.148,4,8,87,5,ARca,30
26919,1,80,8.3999996,0.20999999,0.148,4,8,87,5,ARca,100
26993,3,100,8.5,0.20999999,0.12,4,8,86,6,ARca,20
26914,1,100,8.5,0.20999999,0.12,4,8,86,6,ARca,70
26915,1,100,8.5,0.20999999,0.12,4,8,86,6,ARca,100
26916,1,100,8.5,0.20999999,0.12,4,8,86,6,ARca,100
26987,3,100,8.5,0.20999999,0.12,4,8,86,6,ARca,20
26918,1,100,8.5,0.20999999,0.12,4,8,86,6,ARca,60
26935,2,100,8.5,0.20999999,0.12,4,8,86,6,ARca,30
26917,1,100,8.5,0.20999999,0.12,4,8,86,6,ARca,100
26989,3,100,8.5,0.20999999,0.12,4,8,86,6,ARca,30
26919,1,100,8.5,0.20999999,0.12,4,8,86,6,ARca,100
26993,3,150,8.3000002,0.1,0.141,4,10,83,7,ARca,20
26914,1,150,8.3000002,0.1,0.141,4,10,83,7,ARca,70
26915,1,150,8.3000002,0.1,0.141,4,10,83,7,ARca,100
26916,1,150,8.3000002,0.1,0.141,4,10,83,7,ARca,100
26987,3,150,8.3000002,0.1,0.141,4,10,83,7,ARca,20
26918,1,150,8.3000002,0.1,0.141,4,10,83,7,ARca,60
26935,2,150,8.3000002,0.1,0.141,4,10,83,7,ARca,30
26917,1,150,8.3000002,0.1,0.141,4,10,83,7,ARca,100
26989,3,150,8.3000002,0.1,0.141,4,10,83,7,ARca,30
26919,1,150,8.3000002,0.1,0.141,4,10,83,7,ARca,100
16175,3,0,6.6999998,0.31999999,0.259,4,5,90,5,AR,20
27031,1,0,6.6999998,0.31999999,0.259,4,5,90,5,AR,100
26911,3,0,6.6999998,0.31999999,0.259,4,5,90,5,AR,20
16175,3,20,6.5999999,0.31,0.175,3,5,91,4,AR,20
27031,1,20,6.5999999,0.31,0.175,3,5,91,4,AR,100
26911,3,20,6.5999999,0.31,0.175,3,5,91,4,AR,20
16175,3,40,6.5999999,0.23,0.15000001,3,5,90,5,AR,20
27031,1,40,6.5999999,0.23,0.15000001,3,5,90,5,AR,100
26911,3,40,6.5999999,0.23,0.15000001,3,5,90,5,AR,20
16175,3,60,6.6999998,0.22,0.112,3,5,91,4,AR,20
27031,1,60,6.6999998,0.22,0.112,3,5,91,4,AR,100
26911,3,60,6.6999998,0.22,0.112,3,5,91,4,AR,20
16175,3,80,6.6999998,0.22,0.111,3,5,90,5,AR,20
27031,1,80,6.6999998,0.22,0.111,3,5,90,5,AR,100
26911,3,80,6.6999998,0.22,0.111,3,5,90,5,AR,20
16175,3,100,6.6999998,0.17,0.10399999,3,5,90,5,AR,20
27031,1,100,6.6999998,0.17,0.10399999,3,5,90,5,AR,100
26911,3,100,6.6999998,0.17,0.10399999,3,5,90,5,AR,20
16175,3,150,7.0999999,0.22,0.066,3,5,90,5,AR,20
27031,1,150,7.0999999,0.22,0.066,3,5,90,5,AR,100
26911,3,150,7.0999999,0.22,0.066,3,5,90,5,AR,20
27009,1,0,5.9000001,0.18000001,0.25799999,2,6,90,4,ARse ,100
26972,3,0,5.9000001,0.18000001,0.25799999,2,6,90,4,ARse ,15
17587,1,0,5.9000001,0.18000001,0.25799999,2,6,90,4,ARse ,100
27009,1,20,5.8000002,0.15000001,0.18700001,2,7,89,4,ARse ,100
26972,3,20,5.8000002,0.15000001,0.18700001,2,7,89,4,ARse ,15
17587,1,20,5.8000002,0.15000001,0.18700001,2,7,89,4,ARse ,100
27009,1,40,5.6999998,0.11,0.147,2,7,89,4,ARse ,100
26972,3,40,5.6999998,0.11,0.147,2,7,89,4,ARse ,15
17587,1,40,5.6999998,0.11,0.147,2,7,89,4,ARse ,100
27009,1,60,5.5999999,0.079999998,0.11,2,7,89,4,ARse ,100
26972,3,60,5.5999999,0.079999998,0.11,2,7,89,4,ARse ,15
17587,1,60,5.5999999,0.079999998,0.11,2,7,89,4,ARse ,100
27009,1,80,5.5999999,0.07,0.114,2,7,90,3,ARse ,100
26972,3,80,5.5999999,0.07,0.114,2,7,90,3,ARse ,15
17587,1,80,5.5999999,0.07,0.114,2,7,90,3,ARse ,100
27009,1,100,5.6999998,0.1,0.091000006,2,7,90,3,ARse ,100
26972,3,100,5.6999998,0.1,0.091000006,2,7,90,3,ARse ,15
17587,1,100,5.6999998,0.1,0.091000006,2,7,90,3,ARse ,100
27009,1,150,5.5999999,0.14,0.068000004,2,7,90,3,ARse ,100
26972,3,150,5.5999999,0.14,0.068000004,2,7,90,3,ARse ,15
17587,1,150,5.5999999,0.14,0.068000004,2,7,90,3,ARse ,100
32143,1,0,8.1000004,0.76999998,0.68400002,14,18,53,29,CL,100
32143,1,20,8.1999998,0.58999997,0.50100005,14,22,49,29,CL,100
32143,1,40,8.3000002,0.5,0.382,13,22,48,30,CL,100
32143,1,60,8.3999996,0.43000001,0.292,13,22,47,31,CL,100
32143,1,80,8.3999996,0.36000001,0.233,12,21,49,30,CL,100
32143,1,100,8.3999996,0.30000001,0.169,11,19,52,29,CL,100
32143,1,150,8.3999996,0.23,0.139,11,17,54,29,CL,100
32144,1,0,8.1999998,0.80000001,0.69699997,14,18,49,33,CLha,100
27022,2,0,8.1999998,0.80000001,0.69699997,14,18,49,33,CLha,20
26966,3,0,8.1999998,0.80000001,0.69699997,14,18,49,33,CLha,20
26968,3,0,8.1999998,0.80000001,0.69699997,14,18,49,33,CLha,10
16678,3,0,8.1999998,0.80000001,0.69699997,14,18,49,33,CLha,20
26954,3,0,8.1999998,0.80000001,0.69699997,14,18,49,33,CLha,20
16813,2,0,8.1999998,0.80000001,0.69699997,14,18,49,33,CLha,40
16672,2,0,8.1999998,0.80000001,0.69699997,14,18,49,33,CLha,30
16677,3,0,8.1999998,0.80000001,0.69699997,14,18,49,33,CLha,10
27012,1,0,8.1999998,0.80000001,0.69699997,14,18,49,33,CLha,100
27011,1,0,8.1999998,0.80000001,0.69699997,14,18,49,33,CLha,100
16814,2,0,8.1999998,0.80000001,0.69699997,14,18,49,33,CLha,40
17612,1,0,8.1999998,0.80000001,0.69699997,14,18,49,33,CLha,70
27010,1,0,8.1999998,0.80000001,0.69699997,14,18,49,33,CLha,100
16912,1,0,8.1999998,0.80000001,0.69699997,14,18,49,33,CLha,80
16913,1,0,8.1999998,0.80000001,0.69699997,14,18,49,33,CLha,70
16914,1,0,8.1999998,0.80000001,0.69699997,14,18,49,33,CLha,80
16915,1,0,8.1999998,0.80000001,0.69699997,14,18,49,33,CLha,100
16916,1,0,8.1999998,0.80000001,0.69699997,14,18,49,33,CLha,70
16863,2,0,8.1999998,0.80000001,0.69699997,14,18,49,33,CLha,50
16927,2,0,8.1999998,0.80000001,0.69699997,14,18,49,33,CLha,40
27036,2,0,8.1999998,0.80000001,0.69699997,14,18,49,33,CLha,10
16859,2,0,8.1999998,0.80000001,0.69699997,14,18,49,33,CLha,40
16922,1,0,8.1999998,0.80000001,0.69699997,14,18,49,33,CLha,50
16883,2,0,8.1999998,0.80000001,0.69699997,14,18,49,33,CLha,20
26965,2,0,8.1999998,0.80000001,0.69699997,14,18,49,33,CLha,30
26964,2,0,8.1999998,0.80000001,0.69699997,14,18,49,33,CLha,30
16911,1,0,8.1999998,0.80000001,0.69699997,14,18,49,33,CLha,70
26963,2,0,8.1999998,0.80000001,0.69699997,14,18,49,33,CLha,40
16660,2,0,8.1999998,0.80000001,0.69699997,14,18,49,33,CLha,40
26956,2,0,8.1999998,0.80000001,0.69699997,14,18,49,33,CLha,40
16858,2,0,8.1999998,0.80000001,0.69699997,14,18,49,33,CLha,30
16857,1,0,8.1999998,0.80000001,0.69699997,14,18,49,33,CLha,80
16827,2,0,8.1999998,0.80000001,0.69699997,14,18,49,33,CLha,40
16938,3,0,8.1999998,0.80000001,0.69699997,14,18,49,33,CLha,20
16659,3,0,8.1999998,0.80000001,0.69699997,14,18,49,33,CLha,20
16954,2,0,8.1999998,0.80000001,0.69699997,14,18,49,33,CLha,10
16856,1,0,8.1999998,0.80000001,0.69699997,14,18,49,33,CLha,100
26906,2,0,8.1999998,0.80000001,0.69699997,14,18,49,33,CLha,40
26923,1,0,8.1999998,0.80000001,0.69699997,14,18,49,33,CLha,60
26922,1,0,8.1999998,0.80000001,0.69699997,14,18,49,33,CLha,80
26921,1,0,8.1999998,0.80000001,0.69699997,14,18,49,33,CLha,100
26941,2,0,8.1999998,0.80000001,0.69699997,14,18,49,33,CLha,40
26927,1,0,8.1999998,0.80000001,0.69699997,14,18,49,33,CLha,90
26928,1,0,8.1999998,0.80000001,0.69699997,14,18,49,33,CLha,100
26925,1,0,8.1999998,0.80000001,0.69699997,14,18,49,33,CLha,60
26929,1,0,8.1999998,0.80000001,0.69699997,14,18,49,33,CLha,80
26924,2,0,8.1999998,0.80000001,0.69699997,14,18,49,33,CLha,50
26926,1,0,8.1999998,0.80000001,0.69699997,14,18,49,33,CLha,100
32144,1,20,8.3000002,0.56999999,0.51700002,14,21,46,33,CLha,100
27022,2,20,8.3000002,0.56999999,0.51700002,14,21,46,33,CLha,20
26966,3,20,8.3000002,0.56999999,0.51700002,14,21,46,33,CLha,20
26968,3,20,8.3000002,0.56999999,0.51700002,14,21,46,33,CLha,10
16678,3,20,8.3000002,0.56999999,0.51700002,14,21,46,33,CLha,20
26954,3,20,8.3000002,0.56999999,0.51700002,14,21,46,33,CLha,20
16813,2,20,8.3000002,0.56999999,0.51700002,14,21,46,33,CLha,40
16672,2,20,8.3000002,0.56999999,0.51700002,14,21,46,33,CLha,30
16677,3,20,8.3000002,0.56999999,0.51700002,14,21,46,33,CLha,10
27012,1,20,8.3000002,0.56999999,0.51700002,14,21,46,33,CLha,100
27011,1,20,8.3000002,0.56999999,0.51700002,14,21,46,33,CLha,100
16814,2,20,8.3000002,0.56999999,0.51700002,14,21,46,33,CLha,40
17612,1,20,8.3000002,0.56999999,0.51700002,14,21,46,33,CLha,70
27010,1,20,8.3000002,0.56999999,0.51700002,14,21,46,33,CLha,100
16912,1,20,8.3000002,0.56999999,0.51700002,14,21,46,33,CLha,80
16913,1,20,8.3000002,0.56999999,0.51700002,14,21,46,33,CLha,70
16914,1,20,8.3000002,0.56999999,0.51700002,14,21,46,33,CLha,80
16915,1,20,8.3000002,0.56999999,0.51700002,14,21,46,33,CLha,100
16916,1,20,8.3000002,0.56999999,0.51700002,14,21,46,33,CLha,70
16863,2,20,8.3000002,0.56999999,0.51700002,14,21,46,33,CLha,50
16927,2,20,8.3000002,0.56999999,0.51700002,14,21,46,33,CLha,40
27036,2,20,8.3000002,0.56999999,0.51700002,14,21,46,33,CLha,10
16859,2,20,8.3000002,0.56999999,0.51700002,14,21,46,33,CLha,40
16922,1,20,8.3000002,0.56999999,0.51700002,14,21,46,33,CLha,50
16883,2,20,8.3000002,0.56999999,0.51700002,14,21,46,33,CLha,20
26965,2,20,8.3000002,0.56999999,0.51700002,14,21,46,33,CLha,30
26964,2,20,8.3000002,0.56999999,0.51700002,14,21,46,33,CLha,30
16911,1,20,8.3000002,0.56999999,0.51700002,14,21,46,33,CLha,70
26963,2,20,8.3000002,0.56999999,0.51700002,14,21,46,33,CLha,40
16660,2,20,8.3000002,0.56999999,0.51700002,14,21,46,33,CLha,40
26956,2,20,8.3000002,0.56999999,0.51700002,14,21,46,33,CLha,40
16858,2,20,8.3000002,0.56999999,0.51700002,14,21,46,33,CLha,30
16857,1,20,8.3000002,0.56999999,0.51700002,14,21,46,33,CLha,80
16827,2,20,8.3000002,0.56999999,0.51700002,14,21,46,33,CLha,40
16938,3,20,8.3000002,0.56999999,0.51700002,14,21,46,33,CLha,20
16659,3,20,8.3000002,0.56999999,0.51700002,14,21,46,33,CLha,20
16954,2,20,8.3000002,0.56999999,0.51700002,14,21,46,33,CLha,10
16856,1,20,8.3000002,0.56999999,0.51700002,14,21,46,33,CLha,100
26906,2,20,8.3000002,0.56999999,0.51700002,14,21,46,33,CLha,40
26923,1,20,8.3000002,0.56999999,0.51700002,14,21,46,33,CLha,60
26922,1,20,8.3000002,0.56999999,0.51700002,14,21,46,33,CLha,80
26921,1,20,8.3000002,0.56999999,0.51700002,14,21,46,33,CLha,100
26941,2,20,8.3000002,0.56999999,0.51700002,14,21,46,33,CLha,40
26927,1,20,8.3000002,0.56999999,0.51700002,14,21,46,33,CLha,90
26928,1,20,8.3000002,0.56999999,0.51700002,14,21,46,33,CLha,100
26925,1,20,8.3000002,0.56999999,0.51700002,14,21,46,33,CLha,60
26929,1,20,8.3000002,0.56999999,0.51700002,14,21,46,33,CLha,80
26924,2,20,8.3000002,0.56999999,0.51700002,14,21,46,33,CLha,50
26926,1,20,8.3000002,0.56999999,0.51700002,14,21,46,33,CLha,100
32144,1,40,8.3999996,0.47,0.39000002,13,22,44,34,CLha,100
27022,2,40,8.3999996,0.47,0.39000002,13,22,44,34,CLha,20
26966,3,40,8.3999996,0.47,0.39000002,13,22,44,34,CLha,20
26968,3,40,8.3999996,0.47,0.39000002,13,22,44,34,CLha,10
16678,3,40,8.3999996,0.47,0.39000002,13,22,44,34,CLha,20
26954,3,40,8.3999996,0.47,0.39000002,13,22,44,34,CLha,20
16813,2,40,8.3999996,0.47,0.39000002,13,22,44,34,CLha,40
16672,2,40,8.3999996,0.47,0.39000002,13,22,44,34,CLha,30
16677,3,40,8.3999996,0.47,0.39000002,13,22,44,34,CLha,10
27012,1,40,8.3999996,0.47,0.39000002,13,22,44,34,CLha,100
27011,1,40,8.3999996,0.47,0.39000002,13,22,44,34,CLha,100
16814,2,40,8.3999996,0.47,0.39000002,13,22,44,34,CLha,40
17612,1,40,8.3999996,0.47,0.39000002,13,22,44,34,CLha,70
27010,1,40,8.3999996,0.47,0.39000002,13,22,44,34,CLha,100
16912,1,40,8.3999996,0.47,0.39000002,13,22,44,34,CLha,80
16913,1,40,8.3999996,0.47,0.39000002,13,22,44,34,CLha,70
16914,1,40,8.3999996,0.47,0.39000002,13,22,44,34,CLha,80
16915,1,40,8.3999996,0.47,0.39000002,13,22,44,34,CLha,100
16916,1,40,8.3999996,0.47,0.39000002,13,22,44,34,CLha,70
16863,2,40,8.3999996,0.47,0.39000002,13,22,44,34,CLha,50
16927,2,40,8.3999996,0.47,0.39000002,13,22,44,34,CLha,40
27036,2,40,8.3999996,0.47,0.39000002,13,22,44,34,CLha,10
16859,2,40,8.3999996,0.47,0.39000002,13,22,44,34,CLha,40
16922,1,40,8.3999996,0.47,0.39000002,13,22,44,34,CLha,50
16883,2,40,8.3999996,0.47,0.39000002,13,22,44,34,CLha,20
26965,2,40,8.3999996,0.47,0.39000002,13,22,44,34,CLha,30
26964,2,40,8.3999996,0.47,0.39000002,13,22,44,34,CLha,30
16911,1,40,8.3999996,0.47,0.39000002,13,22,44,34,CLha,70
26963,2,40,8.3999996,0.47,0.39000002,13,22,44,34,CLha,40
16660,2,40,8.3999996,0.47,0.39000002,13,22,44,34,CLha,40
26956,2,40,8.3999996,0.47,0.39000002,13,22,44,34,CLha,40
16858,2,40,8.3999996,0.47,0.39000002,13,22,44,34,CLha,30
16857,1,40,8.3999996,0.47,0.39000002,13,22,44,34,CLha,80
16827,2,40,8.3999996,0.47,0.39000002,13,22,44,34,CLha,40
16938,3,40,8.3999996,0.47,0.39000002,13,22,44,34,CLha,20
16659,3,40,8.3999996,0.47,0.39000002,13,22,44,34,CLha,20
16954,2,40,8.3999996,0.47,0.39000002,13,22,44,34,CLha,10
16856,1,40,8.3999996,0.47,0.39000002,13,22,44,34,CLha,100
26906,2,40,8.3999996,0.47,0.39000002,13,22,44,34,CLha,40
26923,1,40,8.3999996,0.47,0.39000002,13,22,44,34,CLha,60
26922,1,40,8.3999996,0.47,0.39000002,13,22,44,34,CLha,80
26921,1,40,8.3999996,0.47,0.39000002,13,22,44,34,CLha,100
26941,2,40,8.3999996,0.47,0.39000002,13,22,44,34,CLha,40
26927,1,40,8.3999996,0.47,0.39000002,13,22,44,34,CLha,90
26928,1,40,8.3999996,0.47,0.39000002,13,22,44,34,CLha,100
26925,1,40,8.3999996,0.47,0.39000002,13,22,44,34,CLha,60
26929,1,40,8.3999996,0.47,0.39000002,13,22,44,34,CLha,80
26924,2,40,8.3999996,0.47,0.39000002,13,22,44,34,CLha,50
26926,1,40,8.3999996,0.47,0.39000002,13,22,44,34,CLha,100
32144,1,60,8.3999996,0.41,0.30500001,12,21,45,34,CLha,100
27022,2,60,8.3999996,0.41,0.30500001,12,21,45,34,CLha,20
26966,3,60,8.3999996,0.41,0.30500001,12,21,45,34,CLha,20
26968,3,60,8.3999996,0.41,0.30500001,12,21,45,34,CLha,10
16678,3,60,8.3999996,0.41,0.30500001,12,21,45,34,CLha,20
26954,3,60,8.3999996,0.41,0.30500001,12,21,45,34,CLha,20
16813,2,60,8.3999996,0.41,0.30500001,12,21,45,34,CLha,40
16672,2,60,8.3999996,0.41,0.30500001,12,21,45,34,CLha,30
16677,3,60,8.3999996,0.41,0.30500001,12,21,45,34,CLha,10
27012,1,60,8.3999996,0.41,0.30500001,12,21,45,34,CLha,100
27011,1,60,8.3999996,0.41,0.30500001,12,21,45,34,CLha,100
16814,2,60,8.3999996,0.41,0.30500001,12,21,45,34,CLha,40
17612,1,60,8.3999996,0.41,0.30500001,12,21,45,34,CLha,70
27010,1,60,8.3999996,0.41,0.30500001,12,21,45,34,CLha,100
16912,1,60,8.3999996,0.41,0.30500001,12,21,45,34,CLha,80
16913,1,60,8.3999996,0.41,0.30500001,12,21,45,34,CLha,70
16914,1,60,8.3999996,0.41,0.30500001,12,21,45,34,CLha,80
16915,1,60,8.3999996,0.41,0.30500001,12,21,45,34,CLha,100
16916,1,60,8.3999996,0.41,0.30500001,12,21,45,34,CLha,70
16863,2,60,8.3999996,0.41,0.30500001,12,21,45,34,CLha,50
16927,2,60,8.3999996,0.41,0.30500001,12,21,45,34,CLha,40
27036,2,60,8.3999996,0.41,0.30500001,12,21,45,34,CLha,10
16859,2,60,8.3999996,0.41,0.30500001,12,21,45,34,CLha,40
16922,1,60,8.3999996,0.41,0.30500001,12,21,45,34,CLha,50
16883,2,60,8.3999996,0.41,0.30500001,12,21,45,34,CLha,20
26965,2,60,8.3999996,0.41,0.30500001,12,21,45,34,CLha,30
26964,2,60,8.3999996,0.41,0.30500001,12,21,45,34,CLha,30
16911,1,60,8.3999996,0.41,0.30500001,12,21,45,34,CLha,70
26963,2,60,8.3999996,0.41,0.30500001,12,21,45,34,CLha,40
16660,2,60,8.3999996,0.41,0.30500001,12,21,45,34,CLha,40
26956,2,60,8.3999996,0.41,0.30500001,12,21,45,34,CLha,40
16858,2,60,8.3999996,0.41,0.30500001,12,21,45,34,CLha,30
16857,1,60,8.3999996,0.41,0.30500001,12,21,45,34,CLha,80
16827,2,60,8.3999996,0.41,0.30500001,12,21,45,34,CLha,40
16938,3,60,8.3999996,0.41,0.30500001,12,21,45,34,CLha,20
16659,3,60,8.3999996,0.41,0.30500001,12,21,45,34,CLha,20
16954,2,60,8.3999996,0.41,0.30500001,12,21,45,34,CLha,10
16856,1,60,8.3999996,0.41,0.30500001,12,21,45,34,CLha,100
26906,2,60,8.3999996,0.41,0.30500001,12,21,45,34,CLha,40
26923,1,60,8.3999996,0.41,0.30500001,12,21,45,34,CLha,60
26922,1,60,8.3999996,0.41,0.30500001,12,21,45,34,CLha,80
26921,1,60,8.3999996,0.41,0.30500001,12,21,45,34,CLha,100
26941,2,60,8.3999996,0.41,0.30500001,12,21,45,34,CLha,40
26927,1,60,8.3999996,0.41,0.30500001,12,21,45,34,CLha,90
26928,1,60,8.3999996,0.41,0.30500001,12,21,45,34,CLha,100
26925,1,60,8.3999996,0.41,0.30500001,12,21,45,34,CLha,60
26929,1,60,8.3999996,0.41,0.30500001,12,21,45,34,CLha,80
26924,2,60,8.3999996,0.41,0.30500001,12,21,45,34,CLha,50
26926,1,60,8.3999996,0.41,0.30500001,12,21,45,34,CLha,100
32144,1,80,8.3999996,0.38,0.245,12,20,46,34,CLha,100
27022,2,80,8.3999996,0.38,0.245,12,20,46,34,CLha,20
26966,3,80,8.3999996,0.38,0.245,12,20,46,34,CLha,20
26968,3,80,8.3999996,0.38,0.245,12,20,46,34,CLha,10
16678,3,80,8.3999996,0.38,0.245,12,20,46,34,CLha,20
26954,3,80,8.3999996,0.38,0.245,12,20,46,34,CLha,20
16813,2,80,8.3999996,0.38,0.245,12,20,46,34,CLha,40
16672,2,80,8.3999996,0.38,0.245,12,20,46,34,CLha,30
16677,3,80,8.3999996,0.38,0.245,12,20,46,34,CLha,10
27012,1,80,8.3999996,0.38,0.245,12,20,46,34,CLha,100
27011,1,80,8.3999996,0.38,0.245,12,20,46,34,CLha,100
16814,2,80,8.3999996,0.38,0.245,12,20,46,34,CLha,40
17612,1,80,8.3999996,0.38,0.245,12,20,46,34,CLha,70
27010,1,80,8.3999996,0.38,0.245,12,20,46,34,CLha,100
16912,1,80,8.3999996,0.38,0.245,12,20,46,34,CLha,80
16913,1,80,8.3999996,0.38,0.245,12,20,46,34,CLha,70
16914,1,80,8.3999996,0.38,0.245,12,20,46,34,CLha,80
16915,1,80,8.3999996,0.38,0.245,12,20,46,34,CLha,100
16916,1,80,8.3999996,0.38,0.245,12,20,46,34,CLha,70
16863,2,80,8.3999996,0.38,0.245,12,20,46,34,CLha,50
16927,2,80,8.3999996,0.38,0.245,12,20,46,34,CLha,40
27036,2,80,8.3999996,0.38,0.245,12,20,46,34,CLha,10
16859,2,80,8.3999996,0.38,0.245,12,20,46,34,CLha,40
16922,1,80,8.3999996,0.38,0.245,12,20,46,34,CLha,50
16883,2,80,8.3999996,0.38,0.245,12,20,46,34,CLha,20
26965,2,80,8.3999996,0.38,0.245,12,20,46,34,CLha,30
26964,2,80,8.3999996,0.38,0.245,12,20,46,34,CLha,30
16911,1,80,8.3999996,0.38,0.245,12,20,46,34,CLha,70
26963,2,80,8.3999996,0.38,0.245,12,20,46,34,CLha,40
16660,2,80,8.3999996,0.38,0.245,12,20,46,34,CLha,40
26956,2,80,8.3999996,0.38,0.245,12,20,46,34,CLha,40
16858,2,80,8.3999996,0.38,0.245,12,20,46,34,CLha,30
16857,1,80,8.3999996,0.38,0.245,12,20,46,34,CLha,80
16827,2,80,8.3999996,0.38,0.245,12,20,46,34,CLha,40
16938,3,80,8.3999996,0.38,0.245,12,20,46,34,CLha,20
16659,3,80,8.3999996,0.38,0.245,12,20,46,34,CLha,20
16954,2,80,8.3999996,0.38,0.245,12,20,46,34,CLha,10
16856,1,80,8.3999996,0.38,0.245,12,20,46,34,CLha,100
26906,2,80,8.3999996,0.38,0.245,12,20,46,34,CLha,40
26923,1,80,8.3999996,0.38,0.245,12,20,46,34,CLha,60
26922,1,80,8.3999996,0.38,0.245,12,20,46,34,CLha,80
26921,1,80,8.3999996,0.38,0.245,12,20,46,34,CLha,100
26941,2,80,8.3999996,0.38,0.245,12,20,46,34,CLha,40
26927,1,80,8.3999996,0.38,0.245,12,20,46,34,CLha,90
26928,1,80,8.3999996,0.38,0.245,12,20,46,34,CLha,100
26925,1,80,8.3999996,0.38,0.245,12,20,46,34,CLha,60
26929,1,80,8.3999996,0.38,0.245,12,20,46,34,CLha,80
26924,2,80,8.3999996,0.38,0.245,12,20,46,34,CLha,50
26926,1,80,8.3999996,0.38,0.245,12,20,46,34,CLha,100
32144,1,100,8.3999996,0.34,0.183,11,19,49,32,CLha,100
27022,2,100,8.3999996,0.34,0.183,11,19,49,32,CLha,20
26966,3,100,8.3999996,0.34,0.183,11,19,49,32,CLha,20
26968,3,100,8.3999996,0.34,0.183,11,19,49,32,CLha,10
16678,3,100,8.3999996,0.34,0.183,11,19,49,32,CLha,20
26954,3,100,8.3999996,0.34,0.183,11,19,49,32,CLha,20
16813,2,100,8.3999996,0.34,0.183,11,19,49,32,CLha,40
16672,2,100,8.3999996,0.34,0.183,11,19,49,32,CLha,30
16677,3,100,8.3999996,0.34,0.183,11,19,49,32,CLha,10
27012,1,100,8.3999996,0.34,0.183,11,19,49,32,CLha,100
27011,1,100,8.3999996,0.34,0.183,11,19,49,32,CLha,100
16814,2,100,8.3999996,0.34,0.183,11,19,49,32,CLha,40
17612,1,100,8.3999996,0.34,0.183,11,19,49,32,CLha,70
27010,1,100,8.3999996,0.34,0.183,11,19,49,32,CLha,100
16912,1,100,8.3999996,0.34,0.183,11,19,49,32,CLha,80
16913,1,100,8.3999996,0.34,0.183,11,19,49,32,CLha,70
16914,1,100,8.3999996,0.34,0.183,11,19,49,32,CLha,80
16915,1,100,8.3999996,0.34,0.183,11,19,49,32,CLha,100
16916,1,100,8.3999996,0.34,0.183,11,19,49,32,CLha,70
16863,2,100,8.3999996,0.34,0.183,11,19,49,32,CLha,50
16927,2,100,8.3999996,0.34,0.183,11,19,49,32,CLha,40
27036,2,100,8.3999996,0.34,0.183,11,19,49,32,CLha,10
16859,2,100,8.3999996,0.34,0.183,11,19,49,32,CLha,40
16922,1,100,8.3999996,0.34,0.183,11,19,49,32,CLha,50
16883,2,100,8.3999996,0.34,0.183,11,19,49,32,CLha,20
26965,2,100,8.3999996,0.34,0.183,11,19,49,32,CLha,30
26964,2,100,8.3999996,0.34,0.183,11,19,49,32,CLha,30
16911,1,100,8.3999996,0.34,0.183,11,19,49,32,CLha,70
26963,2,100,8.3999996,0.34,0.183,11,19,49,32,CLha,40
16660,2,100,8.3999996,0.34,0.183,11,19,49,32,CLha,40
26956,2,100,8.3999996,0.34,0.183,11,19,49,32,CLha,40
16858,2,100,8.3999996,0.34,0.183,11,19,49,32,CLha,30
16857,1,100,8.3999996,0.34,0.183,11,19,49,32,CLha,80
16827,2,100,8.3999996,0.34,0.183,11,19,49,32,CLha,40
16938,3,100,8.3999996,0.34,0.183,11,19,49,32,CLha,20
16659,3,100,8.3999996,0.34,0.183,11,19,49,32,CLha,20
16954,2,100,8.3999996,0.34,0.183,11,19,49,32,CLha,10
16856,1,100,8.3999996,0.34,0.183,11,19,49,32,CLha,100
26906,2,100,8.3999996,0.34,0.183,11,19,49,32,CLha,40
26923,1,100,8.3999996,0.34,0.183,11,19,49,32,CLha,60
26922,1,100,8.3999996,0.34,0.183,11,19,49,32,CLha,80
26921,1,100,8.3999996,0.34,0.183,11,19,49,32,CLha,100
26941,2,100,8.3999996,0.34,0.183,11,19,49,32,CLha,40
26927,1,100,8.3999996,0.34,0.183,11,19,49,32,CLha,90
26928,1,100,8.3999996,0.34,0.183,11,19,49,32,CLha,100
26925,1,100,8.3999996,0.34,0.183,11,19,49,32,CLha,60
26929,1,100,8.3999996,0.34,0.183,11,19,49,32,CLha,80
26924,2,100,8.3999996,0.34,0.183,11,19,49,32,CLha,50
26926,1,100,8.3999996,0.34,0.183,11,19,49,32,CLha,100
32144,1,150,8.3999996,0.27000001,0.15099999,11,17,53,30,CLha,100
27022,2,150,8.3999996,0.27000001,0.15099999,11,17,53,30,CLha,20
26966,3,150,8.3999996,0.27000001,0.15099999,11,17,53,30,CLha,20
26968,3,150,8.3999996,0.27000001,0.15099999,11,17,53,30,CLha,10
16678,3,150,8.3999996,0.27000001,0.15099999,11,17,53,30,CLha,20
26954,3,150,8.3999996,0.27000001,0.15099999,11,17,53,30,CLha,20
16813,2,150,8.3999996,0.27000001,0.15099999,11,17,53,30,CLha,40
16672,2,150,8.3999996,0.27000001,0.15099999,11,17,53,30,CLha,30
16677,3,150,8.3999996,0.27000001,0.15099999,11,17,53,30,CLha,10
27012,1,150,8.3999996,0.27000001,0.15099999,11,17,53,30,CLha,100
27011,1,150,8.3999996,0.27000001,0.15099999,11,17,53,30,CLha,100
16814,2,150,8.3999996,0.27000001,0.15099999,11,17,53,30,CLha,40
17612,1,150,8.3999996,0.27000001,0.15099999,11,17,53,30,CLha,70
27010,1,150,8.3999996,0.27000001,0.15099999,11,17,53,30,CLha,100
16912,1,150,8.3999996,0.27000001,0.15099999,11,17,53,30,CLha,80
16913,1,150,8.3999996,0.27000001,0.15099999,11,17,53,30,CLha,70
16914,1,150,8.3999996,0.27000001,0.15099999,11,17,53,30,CLha,80
16915,1,150,8.3999996,0.27000001,0.15099999,11,17,53,30,CLha,100
16916,1,150,8.3999996,0.27000001,0.15099999,11,17,53,30,CLha,70
16863,2,150,8.3999996,0.27000001,0.15099999,11,17,53,30,CLha,50
16927,2,150,8.3999996,0.27000001,0.15099999,11,17,53,30,CLha,40
27036,2,150,8.3999996,0.27000001,0.15099999,11,17,53,30,CLha,10
16859,2,150,8.3999996,0.27000001,0.15099999,11,17,53,30,CLha,40
16922,1,150,8.3999996,0.27000001,0.15099999,11,17,53,30,CLha,50
16883,2,150,8.3999996,0.27000001,0.15099999,11,17,53,30,CLha,20
26965,2,150,8.3999996,0.27000001,0.15099999,11,17,53,30,CLha,30
26964,2,150,8.3999996,0.27000001,0.15099999,11,17,53,30,CLha,30
16911,1,150,8.3999996,0.27000001,0.15099999,11,17,53,30,CLha,70
26963,2,150,8.3999996,0.27000001,0.15099999,11,17,53,30,CLha,40
16660,2,150,8.3999996,0.27000001,0.15099999,11,17,53,30,CLha,40
26956,2,150,8.3999996,0.27000001,0.15099999,11,17,53,30,CLha,40
16858,2,150,8.3999996,0.27000001,0.15099999,11,17,53,30,CLha,30
16857,1,150,8.3999996,0.27000001,0.15099999,11,17,53,30,CLha,80
16827,2,150,8.3999996,0.27000001,0.15099999,11,17,53,30,CLha,40
16938,3,150,8.3999996,0.27000001,0.15099999,11,17,53,30,CLha,20
16659,3,150,8.3999996,0.27000001,0.15099999,11,17,53,30,CLha,20
16954,2,150,8.3999996,0.27000001,0.15099999,11,17,53,30,CLha,10
16856,1,150,8.3999996,0.27000001,0.15099999,11,17,53,30,CLha,100
26906,2,150,8.3999996,0.27000001,0.15099999,11,17,53,30,CLha,40
26923,1,150,8.3999996,0.27000001,0.15099999,11,17,53,30,CLha,60
26922,1,150,8.3999996,0.27000001,0.15099999,11,17,53,30,CLha,80
26921,1,150,8.3999996,0.27000001,0.15099999,11,17,53,30,CLha,100
26941,2,150,8.3999996,0.27000001,0.15099999,11,17,53,30,CLha,40
26927,1,150,8.3999996,0.27000001,0.15099999,11,17,53,30,CLha,90
26928,1,150,8.3999996,0.27000001,0.15099999,11,17,53,30,CLha,100
26925,1,150,8.3999996,0.27000001,0.15099999,11,17,53,30,CLha,60
26929,1,150,8.3999996,0.27000001,0.15099999,11,17,53,30,CLha,80
26924,2,150,8.3999996,0.27000001,0.15099999,11,17,53,30,CLha,50
26926,1,150,8.3999996,0.27000001,0.15099999,11,17,53,30,CLha,100
26975,1,0,8,0.74000001,0.66500002,15,19,55,26,CLlv,100
26975,1,20,8.1000004,0.62,0.47199997,16,24,51,25,CLlv,100
26975,1,40,8.3000002,0.52999997,0.35100001,15,25,49,26,CLlv,100
26975,1,60,8.3000002,0.46000001,0.26099998,15,24,50,26,CLlv,100
26975,1,80,8.3000002,0.34999999,0.20699999,14,22,52,26,CLlv,100
26975,1,100,8.3999996,0.25999999,0.14,12,20,54,26,CLlv,100
26975,1,150,8.3999996,0.19,0.127,12,19,54,27,CLlv,100
26924,1,0,8.1000004,0.75999999,0.648,12,17,61,22,CLpt,50
27033,1,0,8.1000004,0.75999999,0.648,12,17,61,22,CLpt,100
16920,1,0,8.1000004,0.75999999,0.648,12,17,61,22,CLpt,50
16917,1,0,8.1000004,0.75999999,0.648,12,17,61,22,CLpt,100
16828,2,0,8.1000004,0.75999999,0.648,12,17,61,22,CLpt,10
26974,1,0,8.1000004,0.75999999,0.648,12,17,61,22,CLpt,100
26976,2,0,8.1000004,0.75999999,0.648,12,17,61,22,CLpt,50
27023,2,0,8.1000004,0.75999999,0.648,12,17,61,22,CLpt,40
16918,1,0,8.1000004,0.75999999,0.648,12,17,61,22,CLpt,70
16919,1,0,8.1000004,0.75999999,0.648,12,17,61,22,CLpt,100
16921,1,0,8.1000004,0.75999999,0.648,12,17,61,22,CLpt,50
27032,1,0,8.1000004,0.75999999,0.648,12,17,61,22,CLpt,100
16811,2,0,8.1000004,0.75999999,0.648,12,17,61,22,CLpt,10
26924,1,20,8.1999998,0.64999998,0.54400003,12,19,60,21,CLpt,50
27033,1,20,8.1999998,0.64999998,0.54400003,12,19,60,21,CLpt,100
16920,1,20,8.1999998,0.64999998,0.54400003,12,19,60,21,CLpt,50
16917,1,20,8.1999998,0.64999998,0.54400003,12,19,60,21,CLpt,100
16828,2,20,8.1999998,0.64999998,0.54400003,12,19,60,21,CLpt,10
26974,1,20,8.1999998,0.64999998,0.54400003,12,19,60,21,CLpt,100
26976,2,20,8.1999998,0.64999998,0.54400003,12,19,60,21,CLpt,50
27023,2,20,8.1999998,0.64999998,0.54400003,12,19,60,21,CLpt,40
16918,1,20,8.1999998,0.64999998,0.54400003,12,19,60,21,CLpt,70
16919,1,20,8.1999998,0.64999998,0.54400003,12,19,60,21,CLpt,100
16921,1,20,8.1999998,0.64999998,0.54400003,12,19,60,21,CLpt,50
27032,1,20,8.1999998,0.64999998,0.54400003,12,19,60,21,CLpt,100
16811,2,20,8.1999998,0.64999998,0.54400003,12,19,60,21,CLpt,10
26924,1,40,8.3000002,0.56,0.396,11,19,64,17,CLpt,50
27033,1,40,8.3000002,0.56,0.396,11,19,64,17,CLpt,100
16920,1,40,8.3000002,0.56,0.396,11,19,64,17,CLpt,50
16917,1,40,8.3000002,0.56,0.396,11,19,64,17,CLpt,100
16828,2,40,8.3000002,0.56,0.396,11,19,64,17,CLpt,10
26974,1,40,8.3000002,0.56,0.396,11,19,64,17,CLpt,100
26976,2,40,8.3000002,0.56,0.396,11,19,64,17,CLpt,50
27023,2,40,8.3000002,0.56,0.396,11,19,64,17,CLpt,40
16918,1,40,8.3000002,0.56,0.396,11,19,64,17,CLpt,70
16919,1,40,8.3000002,0.56,0.396,11,19,64,17,CLpt,100
16921,1,40,8.3000002,0.56,0.396,11,19,64,17,CLpt,50
27032,1,40,8.3000002,0.56,0.396,11,19,64,17,CLpt,100
16811,2,40,8.3000002,0.56,0.396,11,19,64,17,CLpt,10
26924,1,60,8.3999996,0.41999999,0.345,8,14,66,20,CLpt,50
27033,1,60,8.3999996,0.41999999,0.345,8,14,66,20,CLpt,100
16920,1,60,8.3999996,0.41999999,0.345,8,14,66,20,CLpt,50
16917,1,60,8.3999996,0.41999999,0.345,8,14,66,20,CLpt,100
16828,2,60,8.3999996,0.41999999,0.345,8,14,66,20,CLpt,10
26974,1,60,8.3999996,0.41999999,0.345,8,14,66,20,CLpt,100
26976,2,60,8.3999996,0.41999999,0.345,8,14,66,20,CLpt,50
27023,2,60,8.3999996,0.41999999,0.345,8,14,66,20,CLpt,40
16918,1,60,8.3999996,0.41999999,0.345,8,14,66,20,CLpt,70
16919,1,60,8.3999996,0.41999999,0.345,8,14,66,20,CLpt,100
16921,1,60,8.3999996,0.41999999,0.345,8,14,66,20,CLpt,50
27032,1,60,8.3999996,0.41999999,0.345,8,14,66,20,CLpt,100
16811,2,60,8.3999996,0.41999999,0.345,8,14,66,20,CLpt,10
26924,1,80,8.5,0.28999999,0.26500002,8,15,68,17,CLpt,50
27033,1,80,8.5,0.28999999,0.26500002,8,15,68,17,CLpt,100
16920,1,80,8.5,0.28999999,0.26500002,8,15,68,17,CLpt,50
16917,1,80,8.5,0.28999999,0.26500002,8,15,68,17,CLpt,100
16828,2,80,8.5,0.28999999,0.26500002,8,15,68,17,CLpt,10
26974,1,80,8.5,0.28999999,0.26500002,8,15,68,17,CLpt,100
26976,2,80,8.5,0.28999999,0.26500002,8,15,68,17,CLpt,50
27023,2,80,8.5,0.28999999,0.26500002,8,15,68,17,CLpt,40
16918,1,80,8.5,0.28999999,0.26500002,8,15,68,17,CLpt,70
16919,1,80,8.5,0.28999999,0.26500002,8,15,68,17,CLpt,100
16921,1,80,8.5,0.28999999,0.26500002,8,15,68,17,CLpt,50
27032,1,80,8.5,0.28999999,0.26500002,8,15,68,17,CLpt,100
16811,2,80,8.5,0.28999999,0.26500002,8,15,68,17,CLpt,10
26924,1,100,8.6000004,0.25999999,0.189,8,15,67,18,CLpt,50
27033,1,100,8.6000004,0.25999999,0.189,8,15,67,18,CLpt,100
16920,1,100,8.6000004,0.25999999,0.189,8,15,67,18,CLpt,50
16917,1,100,8.6000004,0.25999999,0.189,8,15,67,18,CLpt,100
16828,2,100,8.6000004,0.25999999,0.189,8,15,67,18,CLpt,10
26974,1,100,8.6000004,0.25999999,0.189,8,15,67,18,CLpt,100
26976,2,100,8.6000004,0.25999999,0.189,8,15,67,18,CLpt,50
27023,2,100,8.6000004,0.25999999,0.189,8,15,67,18,CLpt,40
16918,1,100,8.6000004,0.25999999,0.189,8,15,67,18,CLpt,70
16919,1,100,8.6000004,0.25999999,0.189,8,15,67,18,CLpt,100
16921,1,100,8.6000004,0.25999999,0.189,8,15,67,18,CLpt,50
27032,1,100,8.6000004,0.25999999,0.189,8,15,67,18,CLpt,100
16811,2,100,8.6000004,0.25999999,0.189,8,15,67,18,CLpt,10
26924,1,150,8.6999998,0.28,0.112,9,18,55,27,CLpt,50
27033,1,150,8.6999998,0.28,0.112,9,18,55,27,CLpt,100
16920,1,150,8.6999998,0.28,0.112,9,18,55,27,CLpt,50
16917,1,150,8.6999998,0.28,0.112,9,18,55,27,CLpt,100
16828,2,150,8.6999998,0.28,0.112,9,18,55,27,CLpt,10
26974,1,150,8.6999998,0.28,0.112,9,18,55,27,CLpt,100
26976,2,150,8.6999998,0.28,0.112,9,18,55,27,CLpt,50
27023,2,150,8.6999998,0.28,0.112,9,18,55,27,CLpt,40
16918,1,150,8.6999998,0.28,0.112,9,18,55,27,CLpt,70
16919,1,150,8.6999998,0.28,0.112,9,18,55,27,CLpt,100
16921,1,150,8.6999998,0.28,0.112,9,18,55,27,CLpt,50
27032,1,150,8.6999998,0.28,0.112,9,18,55,27,CLpt,100
16811,2,150,8.6999998,0.28,0.112,9,18,55,27,CLpt,10
32145,1,0,7.5999999,0.94,0.74299997,15,21,48,31,CM,100
32145,1,20,8,0.58999997,0.49000001,16,23,46,31,CM,100
32145,1,40,8.1000004,0.5,0.41,16,24,44,32,CM,100
32145,1,60,8.1999998,0.44999999,0.336,16,23,45,32,CM,100
32145,1,80,8.1999998,0.44,0.27200001,15,22,47,31,CM,100
32145,1,100,8.1000004,0.38999999,0.223,15,21,47,32,CM,100
32145,1,150,8.1999998,0.34999999,0.175,14,21,45,34,CM,100
26932,2,0,8.1999998,1.01,0.727,16,20,43,37,CMca,40
27003,2,0,8.1999998,1.01,0.727,16,20,43,37,CMca,30
26918,2,0,8.1999998,1.01,0.727,16,20,43,37,CMca,40
26935,1,0,8.1999998,1.01,0.727,16,20,43,37,CMca,70
26934,1,0,8.1999998,1.01,0.727,16,20,43,37,CMca,100
26991,3,0,8.1999998,1.01,0.727,16,20,43,37,CMca,20
26936,1,0,8.1999998,1.01,0.727,16,20,43,37,CMca,100
26940,1,0,8.1999998,1.01,0.727,16,20,43,37,CMca,70
16711,2,0,8.1999998,1.01,0.727,16,20,43,37,CMca,30
17605,1,0,8.1999998,1.01,0.727,16,20,43,37,CMca,100
26941,1,0,8.1999998,1.01,0.727,16,20,43,37,CMca,40
26944,1,0,8.1999998,1.01,0.727,16,20,43,37,CMca,80
26939,1,0,8.1999998,1.01,0.727,16,20,43,37,CMca,100
26943,1,0,8.1999998,1.01,0.727,16,20,43,37,CMca,100
26942,1,0,8.1999998,1.01,0.727,16,20,43,37,CMca,100
16920,2,0,8.1999998,1.01,0.727,16,20,43,37,CMca,40
26966,2,0,8.1999998,1.01,0.727,16,20,43,37,CMca,30
26938,1,0,8.1999998,1.01,0.727,16,20,43,37,CMca,90
26937,1,0,8.1999998,1.01,0.727,16,20,43,37,CMca,40
26932,2,20,8.1999998,0.56,0.51100004,17,22,40,38,CMca,40
27003,2,20,8.1999998,0.56,0.51100004,17,22,40,38,CMca,30
26918,2,20,8.1999998,0.56,0.51100004,17,22,40,38,CMca,40
26935,1,20,8.1999998,0.56,0.51100004,17,22,40,38,CMca,70
26934,1,20,8.1999998,0.56,0.51100004,17,22,40,38,CMca,100
26991,3,20,8.1999998,0.56,0.51100004,17,22,40,38,CMca,20
26936,1,20,8.1999998,0.56,0.51100004,17,22,40,38,CMca,100
26940,1,20,8.1999998,0.56,0.51100004,17,22,40,38,CMca,70
16711,2,20,8.1999998,0.56,0.51100004,17,22,40,38,CMca,30
17605,1,20,8.1999998,0.56,0.51100004,17,22,40,38,CMca,100
26941,1,20,8.1999998,0.56,0.51100004,17,22,40,38,CMca,40
26944,1,20,8.1999998,0.56,0.51100004,17,22,40,38,CMca,80
26939,1,20,8.1999998,0.56,0.51100004,17,22,40,38,CMca,100
26943,1,20,8.1999998,0.56,0.51100004,17,22,40,38,CMca,100
26942,1,20,8.1999998,0.56,0.51100004,17,22,40,38,CMca,100
16920,2,20,8.1999998,0.56,0.51100004,17,22,40,38,CMca,40
26966,2,20,8.1999998,0.56,0.51100004,17,22,40,38,CMca,30
26938,1,20,8.1999998,0.56,0.51100004,17,22,40,38,CMca,90
26937,1,20,8.1999998,0.56,0.51100004,17,22,40,38,CMca,40
26932,2,40,8.3000002,0.47,0.42600003,16,22,40,38,CMca,40
27003,2,40,8.3000002,0.47,0.42600003,16,22,40,38,CMca,30
26918,2,40,8.3000002,0.47,0.42600003,16,22,40,38,CMca,40
26935,1,40,8.3000002,0.47,0.42600003,16,22,40,38,CMca,70
26934,1,40,8.3000002,0.47,0.42600003,16,22,40,38,CMca,100
26991,3,40,8.3000002,0.47,0.42600003,16,22,40,38,CMca,20
26936,1,40,8.3000002,0.47,0.42600003,16,22,40,38,CMca,100
26940,1,40,8.3000002,0.47,0.42600003,16,22,40,38,CMca,70
16711,2,40,8.3000002,0.47,0.42600003,16,22,40,38,CMca,30
17605,1,40,8.3000002,0.47,0.42600003,16,22,40,38,CMca,100
26941,1,40,8.3000002,0.47,0.42600003,16,22,40,38,CMca,40
26944,1,40,8.3000002,0.47,0.42600003,16,22,40,38,CMca,80
26939,1,40,8.3000002,0.47,0.42600003,16,22,40,38,CMca,100
26943,1,40,8.3000002,0.47,0.42600003,16,22,40,38,CMca,100
26942,1,40,8.3000002,0.47,0.42600003,16,22,40,38,CMca,100
16920,2,40,8.3000002,0.47,0.42600003,16,22,40,38,CMca,40
26966,2,40,8.3000002,0.47,0.42600003,16,22,40,38,CMca,30
26938,1,40,8.3000002,0.47,0.42600003,16,22,40,38,CMca,90
26937,1,40,8.3000002,0.47,0.42600003,16,22,40,38,CMca,40
26932,2,60,8.3000002,0.47,0.34999999,16,21,42,37,CMca,40
27003,2,60,8.3000002,0.47,0.34999999,16,21,42,37,CMca,30
26918,2,60,8.3000002,0.47,0.34999999,16,21,42,37,CMca,40
26935,1,60,8.3000002,0.47,0.34999999,16,21,42,37,CMca,70
26934,1,60,8.3000002,0.47,0.34999999,16,21,42,37,CMca,100
26991,3,60,8.3000002,0.47,0.34999999,16,21,42,37,CMca,20
26936,1,60,8.3000002,0.47,0.34999999,16,21,42,37,CMca,100
26940,1,60,8.3000002,0.47,0.34999999,16,21,42,37,CMca,70
16711,2,60,8.3000002,0.47,0.34999999,16,21,42,37,CMca,30
17605,1,60,8.3000002,0.47,0.34999999,16,21,42,37,CMca,100
26941,1,60,8.3000002,0.47,0.34999999,16,21,42,37,CMca,40
26944,1,60,8.3000002,0.47,0.34999999,16,21,42,37,CMca,80
26939,1,60,8.3000002,0.47,0.34999999,16,21,42,37,CMca,100
26943,1,60,8.3000002,0.47,0.34999999,16,21,42,37,CMca,100
26942,1,60,8.3000002,0.47,0.34999999,16,21,42,37,CMca,100
16920,2,60,8.3000002,0.47,0.34999999,16,21,42,37,CMca,40
26966,2,60,8.3000002,0.47,0.34999999,16,21,42,37,CMca,30
26938,1,60,8.3000002,0.47,0.34999999,16,21,42,37,CMca,90
26937,1,60,8.3000002,0.47,0.34999999,16,21,42,37,CMca,40
26932,2,80,8.3000002,0.38,0.28599998,15,20,43,37,CMca,40
27003,2,80,8.3000002,0.38,0.28599998,15,20,43,37,CMca,30
26918,2,80,8.3000002,0.38,0.28599998,15,20,43,37,CMca,40
26935,1,80,8.3000002,0.38,0.28599998,15,20,43,37,CMca,70
26934,1,80,8.3000002,0.38,0.28599998,15,20,43,37,CMca,100
26991,3,80,8.3000002,0.38,0.28599998,15,20,43,37,CMca,20
26936,1,80,8.3000002,0.38,0.28599998,15,20,43,37,CMca,100
26940,1,80,8.3000002,0.38,0.28599998,15,20,43,37,CMca,70
16711,2,80,8.3000002,0.38,0.28599998,15,20,43,37,CMca,30
17605,1,80,8.3000002,0.38,0.28599998,15,20,43,37,CMca,100
26941,1,80,8.3000002,0.38,0.28599998,15,20,43,37,CMca,40
26944,1,80,8.3000002,0.38,0.28599998,15,20,43,37,CMca,80
26939,1,80,8.3000002,0.38,0.28599998,15,20,43,37,CMca,100
26943,1,80,8.3000002,0.38,0.28599998,15,20,43,37,CMca,100
26942,1,80,8.3000002,0.38,0.28599998,15,20,43,37,CMca,100
16920,2,80,8.3000002,0.38,0.28599998,15,20,43,37,CMca,40
26966,2,80,8.3000002,0.38,0.28599998,15,20,43,37,CMca,30
26938,1,80,8.3000002,0.38,0.28599998,15,20,43,37,CMca,90
26937,1,80,8.3000002,0.38,0.28599998,15,20,43,37,CMca,40
26932,2,100,8.3000002,0.38,0.23499998,14,20,43,37,CMca,40
27003,2,100,8.3000002,0.38,0.23499998,14,20,43,37,CMca,30
26918,2,100,8.3000002,0.38,0.23499998,14,20,43,37,CMca,40
26935,1,100,8.3000002,0.38,0.23499998,14,20,43,37,CMca,70
26934,1,100,8.3000002,0.38,0.23499998,14,20,43,37,CMca,100
26991,3,100,8.3000002,0.38,0.23499998,14,20,43,37,CMca,20
26936,1,100,8.3000002,0.38,0.23499998,14,20,43,37,CMca,100
26940,1,100,8.3000002,0.38,0.23499998,14,20,43,37,CMca,70
16711,2,100,8.3000002,0.38,0.23499998,14,20,43,37,CMca,30
17605,1,100,8.3000002,0.38,0.23499998,14,20,43,37,CMca,100
26941,1,100,8.3000002,0.38,0.23499998,14,20,43,37,CMca,40
26944,1,100,8.3000002,0.38,0.23499998,14,20,43,37,CMca,80
26939,1,100,8.3000002,0.38,0.23499998,14,20,43,37,CMca,100
26943,1,100,8.3000002,0.38,0.23499998,14,20,43,37,CMca,100
26942,1,100,8.3000002,0.38,0.23499998,14,20,43,37,CMca,100
16920,2,100,8.3000002,0.38,0.23499998,14,20,43,37,CMca,40
26966,2,100,8.3000002,0.38,0.23499998,14,20,43,37,CMca,30
26938,1,100,8.3000002,0.38,0.23499998,14,20,43,37,CMca,90
26937,1,100,8.3000002,0.38,0.23499998,14,20,43,37,CMca,40
26932,2,150,8.3999996,0.41,0.178,12,18,44,38,CMca,40
27003,2,150,8.3999996,0.41,0.178,12,18,44,38,CMca,30
26918,2,150,8.3999996,0.41,0.178,12,18,44,38,CMca,40
26935,1,150,8.3999996,0.41,0.178,12,18,44,38,CMca,70
26934,1,150,8.3999996,0.41,0.178,12,18,44,38,CMca,100
26991,3,150,8.3999996,0.41,0.178,12,18,44,38,CMca,20
26936,1,150,8.3999996,0.41,0.178,12,18,44,38,CMca,100
26940,1,150,8.3999996,0.41,0.178,12,18,44,38,CMca,70
16711,2,150,8.3999996,0.41,0.178,12,18,44,38,CMca,30
17605,1,150,8.3999996,0.41,0.178,12,18,44,38,CMca,100
26941,1,150,8.3999996,0.41,0.178,12,18,44,38,CMca,40
26944,1,150,8.3999996,0.41,0.178,12,18,44,38,CMca,80
26939,1,150,8.3999996,0.41,0.178,12,18,44,38,CMca,100
26943,1,150,8.3999996,0.41,0.178,12,18,44,38,CMca,100
26942,1,150,8.3999996,0.41,0.178,12,18,44,38,CMca,100
16920,2,150,8.3999996,0.41,0.178,12,18,44,38,CMca,40
26966,2,150,8.3999996,0.41,0.178,12,18,44,38,CMca,30
26938,1,150,8.3999996,0.41,0.178,12,18,44,38,CMca,90
26937,1,150,8.3999996,0.41,0.178,12,18,44,38,CMca,40
26959,3,0,7.5,0.81999999,0.59200001,15,20,52,28,CMeu,20
16951,2,0,7.5,0.81999999,0.59200001,15,20,52,28,CMeu,30
16945,1,0,7.5,0.81999999,0.59200001,15,20,52,28,CMeu,70
16938,1,0,7.5,0.81999999,0.59200001,15,20,52,28,CMeu,60
16647,2,0,7.5,0.81999999,0.59200001,15,20,52,28,CMeu,10
16927,1,0,7.5,0.81999999,0.59200001,15,20,52,28,CMeu,40
26959,3,20,7.6999998,0.55000001,0.45100003,16,21,51,28,CMeu,20
16951,2,20,7.6999998,0.55000001,0.45100003,16,21,51,28,CMeu,30
16945,1,20,7.6999998,0.55000001,0.45100003,16,21,51,28,CMeu,70
16938,1,20,7.6999998,0.55000001,0.45100003,16,21,51,28,CMeu,60
16647,2,20,7.6999998,0.55000001,0.45100003,16,21,51,28,CMeu,10
16927,1,20,7.6999998,0.55000001,0.45100003,16,21,51,28,CMeu,40
26959,3,40,7.8000002,0.47999999,0.36400002,17,22,50,28,CMeu,20
16951,2,40,7.8000002,0.47999999,0.36400002,17,22,50,28,CMeu,30
16945,1,40,7.8000002,0.47999999,0.36400002,17,22,50,28,CMeu,70
16938,1,40,7.8000002,0.47999999,0.36400002,17,22,50,28,CMeu,60
16647,2,40,7.8000002,0.47999999,0.36400002,17,22,50,28,CMeu,10
16927,1,40,7.8000002,0.47999999,0.36400002,17,22,50,28,CMeu,40
26959,3,60,7.8000002,0.46000001,0.28399998,16,22,50,28,CMeu,20
16951,2,60,7.8000002,0.46000001,0.28399998,16,22,50,28,CMeu,30
16945,1,60,7.8000002,0.46000001,0.28399998,16,22,50,28,CMeu,70
16938,1,60,7.8000002,0.46000001,0.28399998,16,22,50,28,CMeu,60
16647,2,60,7.8000002,0.46000001,0.28399998,16,22,50,28,CMeu,10
16927,1,60,7.8000002,0.46000001,0.28399998,16,22,50,28,CMeu,40
26959,3,80,7.8000002,0.34999999,0.226,15,21,52,27,CMeu,20
16951,2,80,7.8000002,0.34999999,0.226,15,21,52,27,CMeu,30
16945,1,80,7.8000002,0.34999999,0.226,15,21,52,27,CMeu,70
16938,1,80,7.8000002,0.34999999,0.226,15,21,52,27,CMeu,60
16647,2,80,7.8000002,0.34999999,0.226,15,21,52,27,CMeu,10
16927,1,80,7.8000002,0.34999999,0.226,15,21,52,27,CMeu,40
26959,3,100,8,0.40000001,0.197,15,20,51,29,CMeu,20
16951,2,100,8,0.40000001,0.197,15,20,51,29,CMeu,30
16945,1,100,8,0.40000001,0.197,15,20,51,29,CMeu,70
16938,1,100,8,0.40000001,0.197,15,20,51,29,CMeu,60
16647,2,100,8,0.40000001,0.197,15,20,51,29,CMeu,10
16927,1,100,8,0.40000001,0.197,15,20,51,29,CMeu,40
26959,3,150,8.1000004,0.37,0.14199999,15,20,49,31,CMeu,20
16951,2,150,8.1000004,0.37,0.14199999,15,20,49,31,CMeu,30
16945,1,150,8.1000004,0.37,0.14199999,15,20,49,31,CMeu,70
16938,1,150,8.1000004,0.37,0.14199999,15,20,49,31,CMeu,60
16647,2,150,8.1000004,0.37,0.14199999,15,20,49,31,CMeu,10
16927,1,150,8.1000004,0.37,0.14199999,15,20,49,31,CMeu,40
16638,2,0,6.4000001,1.41,1.562,16,20,40,40,CMeu,40
16638,2,20,6.5999999,0.86000001,0.792,14,21,41,38,CMeu,40
16638,2,40,6.6999998,0.68000001,0.51800001,14,21,42,37,CMeu,40
16638,2,60,6.8000002,0.61000001,0.37599999,14,22,42,36,CMeu,40
16638,2,80,6.8000002,0.55000001,0.30399999,13,21,44,35,CMeu,40
16638,2,100,6.9000001,0.47,0.255,13,20,44,36,CMeu,40
16638,2,150,6.9000001,0.47,0.252,14,22,39,39,CMeu,40
16641,3,0,5.0999999,3.6900001,5.9229999,27,22,44,34,UMcm,10
16641,3,20,5.1999998,2,2.8629999,19,22,44,34,UMcm,10
16641,3,40,5.3000002,1.3200001,1.636,16,22,45,33,UMcm,10
16641,3,60,5.3000002,1.03,1.073,15,21,47,32,UMcm,10
16641,3,80,5.4000001,0.76999998,0.74199998,14,20,49,31,UMcm,10
16641,3,100,5.4000001,0.56999999,0.5,12,19,51,30,UMcm,10
16641,3,150,5.4000001,0.58999997,0.412,11,18,53,29,UMcm,10
26937,4,0,7.4000001,0.98000002,0.498,27,38,34,28,CMvr,20
16956,1,0,7.4000001,0.98000002,0.498,27,38,34,28,CMvr,80
16954,1,0,7.4000001,0.98000002,0.498,27,38,34,28,CMvr,90
16951,4,0,7.4000001,0.98000002,0.498,27,38,34,28,CMvr,20
16906,2,0,7.4000001,0.98000002,0.498,27,38,34,28,CMvr,30
27005,2,0,7.4000001,0.98000002,0.498,27,38,34,28,CMvr,30
16962,1,0,7.4000001,0.98000002,0.498,27,38,34,28,CMvr,60
16630,2,0,7.4000001,0.98000002,0.498,27,38,34,28,CMvr,40
27036,1,0,7.4000001,0.98000002,0.498,27,38,34,28,CMvr,90
26937,4,20,7.5999999,0.40000001,0.40700001,31,42,30,28,CMvr,20
16956,1,20,7.5999999,0.40000001,0.40700001,31,42,30,28,CMvr,80
16954,1,20,7.5999999,0.40000001,0.40700001,31,42,30,28,CMvr,90
16951,4,20,7.5999999,0.40000001,0.40700001,31,42,30,28,CMvr,20
16906,2,20,7.5999999,0.40000001,0.40700001,31,42,30,28,CMvr,30
27005,2,20,7.5999999,0.40000001,0.40700001,31,42,30,28,CMvr,30
16962,1,20,7.5999999,0.40000001,0.40700001,31,42,30,28,CMvr,60
16630,2,20,7.5999999,0.40000001,0.40700001,31,42,30,28,CMvr,40
27036,1,20,7.5999999,0.40000001,0.40700001,31,42,30,28,CMvr,90
26937,4,40,7.6999998,0.41,0.44299999,33,46,27,27,CMvr,20
16956,1,40,7.6999998,0.41,0.44299999,33,46,27,27,CMvr,80
16954,1,40,7.6999998,0.41,0.44299999,33,46,27,27,CMvr,90
16951,4,40,7.6999998,0.41,0.44299999,33,46,27,27,CMvr,20
16906,2,40,7.6999998,0.41,0.44299999,33,46,27,27,CMvr,30
27005,2,40,7.6999998,0.41,0.44299999,33,46,27,27,CMvr,30
16962,1,40,7.6999998,0.41,0.44299999,33,46,27,27,CMvr,60
16630,2,40,7.6999998,0.41,0.44299999,33,46,27,27,CMvr,40
27036,1,40,7.6999998,0.41,0.44299999,33,46,27,27,CMvr,90
26937,4,60,7.5999999,0.63999999,0.40399998,33,46,28,26,CMvr,20
16956,1,60,7.5999999,0.63999999,0.40399998,33,46,28,26,CMvr,80
16954,1,60,7.5999999,0.63999999,0.40399998,33,46,28,26,CMvr,90
16951,4,60,7.5999999,0.63999999,0.40399998,33,46,28,26,CMvr,20
16906,2,60,7.5999999,0.63999999,0.40399998,33,46,28,26,CMvr,30
27005,2,60,7.5999999,0.63999999,0.40399998,33,46,28,26,CMvr,30
16962,1,60,7.5999999,0.63999999,0.40399998,33,46,28,26,CMvr,60
16630,2,60,7.5999999,0.63999999,0.40399998,33,46,28,26,CMvr,40
27036,1,60,7.5999999,0.63999999,0.40399998,33,46,28,26,CMvr,90
26937,4,80,8,0.69,0.36400002,30,47,26,27,CMvr,20
16956,1,80,8,0.69,0.36400002,30,47,26,27,CMvr,80
16954,1,80,8,0.69,0.36400002,30,47,26,27,CMvr,90
16951,4,80,8,0.69,0.36400002,30,47,26,27,CMvr,20
16906,2,80,8,0.69,0.36400002,30,47,26,27,CMvr,30
27005,2,80,8,0.69,0.36400002,30,47,26,27,CMvr,30
16962,1,80,8,0.69,0.36400002,30,47,26,27,CMvr,60
16630,2,80,8,0.69,0.36400002,30,47,26,27,CMvr,40
27036,1,80,8,0.69,0.36400002,30,47,26,27,CMvr,90
26937,4,100,8.1999998,0.63,0.221,32,49,23,28,CMvr,20
16956,1,100,8.1999998,0.63,0.221,32,49,23,28,CMvr,80
16954,1,100,8.1999998,0.63,0.221,32,49,23,28,CMvr,90
16951,4,100,8.1999998,0.63,0.221,32,49,23,28,CMvr,20
16906,2,100,8.1999998,0.63,0.221,32,49,23,28,CMvr,30
27005,2,100,8.1999998,0.63,0.221,32,49,23,28,CMvr,30
16962,1,100,8.1999998,0.63,0.221,32,49,23,28,CMvr,60
16630,2,100,8.1999998,0.63,0.221,32,49,23,28,CMvr,40
27036,1,100,8.1999998,0.63,0.221,32,49,23,28,CMvr,90
26937,4,150,7.8000002,0.47,0.333,30,44,17,39,CMvr,20
16956,1,150,7.8000002,0.47,0.333,30,44,17,39,CMvr,80
16954,1,150,7.8000002,0.47,0.333,30,44,17,39,CMvr,90
16951,4,150,7.8000002,0.47,0.333,30,44,17,39,CMvr,20
16906,2,150,7.8000002,0.47,0.333,30,44,17,39,CMvr,30
27005,2,150,7.8000002,0.47,0.333,30,44,17,39,CMvr,30
16962,1,150,7.8000002,0.47,0.333,30,44,17,39,CMvr,60
16630,2,150,7.8000002,0.47,0.333,30,44,17,39,CMvr,40
27036,1,150,7.8000002,0.47,0.333,30,44,17,39,CMvr,90
26945,1,0,6.6999998,0.75,0.74400002,11,20,61,19,CMcr,100
26946,1,0,6.6999998,0.75,0.74400002,11,20,61,19,CMcr,50
16993,2,0,6.6999998,0.75,0.74400002,11,20,61,19,CMcr,20
16970,1,0,6.6999998,0.75,0.74400002,11,20,61,19,CMcr,100
16969,1,0,6.6999998,0.75,0.74400002,11,20,61,19,CMcr,80
16678,4,0,6.6999998,0.75,0.74400002,11,20,61,19,CMcr,10
16682,3,0,6.6999998,0.75,0.74400002,11,20,61,19,CMcr,20
16966,1,0,6.6999998,0.75,0.74400002,11,20,61,19,CMcr,90
26900,3,0,6.6999998,0.75,0.74400002,11,20,61,19,CMcr,20
26945,1,20,7,0.51999998,0.53899997,13,25,56,19,CMcr,100
26946,1,20,7,0.51999998,0.53899997,13,25,56,19,CMcr,50
16993,2,20,7,0.51999998,0.53899997,13,25,56,19,CMcr,20
16970,1,20,7,0.51999998,0.53899997,13,25,56,19,CMcr,100
16969,1,20,7,0.51999998,0.53899997,13,25,56,19,CMcr,80
16678,4,20,7,0.51999998,0.53899997,13,25,56,19,CMcr,10
16682,3,20,7,0.51999998,0.53899997,13,25,56,19,CMcr,20
16966,1,20,7,0.51999998,0.53899997,13,25,56,19,CMcr,90
26900,3,20,7,0.51999998,0.53899997,13,25,56,19,CMcr,20
26945,1,40,7.0999999,0.44999999,0.42199999,13,24,59,17,CMcr,100
26946,1,40,7.0999999,0.44999999,0.42199999,13,24,59,17,CMcr,50
16993,2,40,7.0999999,0.44999999,0.42199999,13,24,59,17,CMcr,20
16970,1,40,7.0999999,0.44999999,0.42199999,13,24,59,17,CMcr,100
16969,1,40,7.0999999,0.44999999,0.42199999,13,24,59,17,CMcr,80
16678,4,40,7.0999999,0.44999999,0.42199999,13,24,59,17,CMcr,10
16682,3,40,7.0999999,0.44999999,0.42199999,13,24,59,17,CMcr,20
16966,1,40,7.0999999,0.44999999,0.42199999,13,24,59,17,CMcr,90
26900,3,40,7.0999999,0.44999999,0.42199999,13,24,59,17,CMcr,20
26945,1,60,7.0999999,0.43000001,0.368,13,25,57,18,CMcr,100
26946,1,60,7.0999999,0.43000001,0.368,13,25,57,18,CMcr,50
16993,2,60,7.0999999,0.43000001,0.368,13,25,57,18,CMcr,20
16970,1,60,7.0999999,0.43000001,0.368,13,25,57,18,CMcr,100
16969,1,60,7.0999999,0.43000001,0.368,13,25,57,18,CMcr,80
16678,4,60,7.0999999,0.43000001,0.368,13,25,57,18,CMcr,10
16682,3,60,7.0999999,0.43000001,0.368,13,25,57,18,CMcr,20
16966,1,60,7.0999999,0.43000001,0.368,13,25,57,18,CMcr,90
26900,3,60,7.0999999,0.43000001,0.368,13,25,57,18,CMcr,20
26945,1,80,7.4000001,0.38999999,0.338,15,23,58,19,CMcr,100
26946,1,80,7.4000001,0.38999999,0.338,15,23,58,19,CMcr,50
16993,2,80,7.4000001,0.38999999,0.338,15,23,58,19,CMcr,20
16970,1,80,7.4000001,0.38999999,0.338,15,23,58,19,CMcr,100
16969,1,80,7.4000001,0.38999999,0.338,15,23,58,19,CMcr,80
16678,4,80,7.4000001,0.38999999,0.338,15,23,58,19,CMcr,10
16682,3,80,7.4000001,0.38999999,0.338,15,23,58,19,CMcr,20
16966,1,80,7.4000001,0.38999999,0.338,15,23,58,19,CMcr,90
26900,3,80,7.4000001,0.38999999,0.338,15,23,58,19,CMcr,20
26945,1,100,7.5,0.51999998,0.29800001,15,22,60,18,CMcr,100
26946,1,100,7.5,0.51999998,0.29800001,15,22,60,18,CMcr,50
16993,2,100,7.5,0.51999998,0.29800001,15,22,60,18,CMcr,20
16970,1,100,7.5,0.51999998,0.29800001,15,22,60,18,CMcr,100
16969,1,100,7.5,0.51999998,0.29800001,15,22,60,18,CMcr,80
16678,4,100,7.5,0.51999998,0.29800001,15,22,60,18,CMcr,10
16682,3,100,7.5,0.51999998,0.29800001,15,22,60,18,CMcr,20
16966,1,100,7.5,0.51999998,0.29800001,15,22,60,18,CMcr,90
26900,3,100,7.5,0.51999998,0.29800001,15,22,60,18,CMcr,20
26945,1,150,8.1999998,0.34999999,0.175,14,23,49,28,CMcr,100
26946,1,150,8.1999998,0.34999999,0.175,14,23,49,28,CMcr,50
16993,2,150,8.1999998,0.34999999,0.175,14,23,49,28,CMcr,20
16970,1,150,8.1999998,0.34999999,0.175,14,23,49,28,CMcr,100
16969,1,150,8.1999998,0.34999999,0.175,14,23,49,28,CMcr,80
16678,4,150,8.1999998,0.34999999,0.175,14,23,49,28,CMcr,10
16682,3,150,8.1999998,0.34999999,0.175,14,23,49,28,CMcr,20
16966,1,150,8.1999998,0.34999999,0.175,14,23,49,28,CMcr,90
26900,3,150,8.1999998,0.34999999,0.175,14,23,49,28,CMcr,20
16175,2,0,7.9000001,0.89999998,0.75800002,16,21,44,35,FL,30
26911,2,0,7.9000001,0.89999998,0.75800002,16,21,44,35,FL,30
16175,2,20,8.1000004,0.75,0.53200001,16,21,43,36,FL,30
26911,2,20,8.1000004,0.75,0.53200001,16,21,43,36,FL,30
16175,2,40,8.1000004,0.50999999,0.45300001,16,21,44,35,FL,30
26911,2,40,8.1000004,0.50999999,0.45300001,16,21,44,35,FL,30
16175,2,60,8.1000004,0.46000001,0.39899999,15,20,46,34,FL,30
26911,2,60,8.1000004,0.46000001,0.39899999,15,20,46,34,FL,30
16175,2,80,8,0.44,0.36500001,15,21,45,34,FL,30
26911,2,80,8,0.44,0.36500001,15,21,45,34,FL,30
16175,2,100,8.1000004,0.41,0.33399999,15,20,46,34,FL,30
26911,2,100,8.1000004,0.41,0.33399999,15,20,46,34,FL,30
16175,2,150,8.1999998,0.41,0.30500001,14,22,44,34,FL,30
26911,2,150,8.1999998,0.41,0.30500001,14,22,44,34,FL,30
32124,1,0,8.1999998,0.92000002,0.69499999,16,20,40,40,FLca,100
17607,2,0,8.1999998,0.92000002,0.69499999,16,20,40,40,FLca,50
27015,2,0,8.1999998,0.92000002,0.69499999,16,20,40,40,FLca,50
26965,3,0,8.1999998,0.92000002,0.69499999,16,20,40,40,FLca,10
26982,3,0,8.1999998,0.92000002,0.69499999,16,20,40,40,FLca,15
26987,2,0,8.1999998,0.92000002,0.69499999,16,20,40,40,FLca,30
26993,2,0,8.1999998,0.92000002,0.69499999,16,20,40,40,FLca,20
26964,3,0,8.1999998,0.92000002,0.69499999,16,20,40,40,FLca,10
27037,1,0,8.1999998,0.92000002,0.69499999,16,20,40,40,FLca,80
26947,1,0,8.1999998,0.92000002,0.69499999,16,20,40,40,FLca,100
26950,1,0,8.1999998,0.92000002,0.69499999,16,20,40,40,FLca,100
26949,1,0,8.1999998,0.92000002,0.69499999,16,20,40,40,FLca,100
27003,3,0,8.1999998,0.92000002,0.69499999,16,20,40,40,FLca,20
26948,1,0,8.1999998,0.92000002,0.69499999,16,20,40,40,FLca,100
16878,2,0,8.1999998,0.92000002,0.69499999,16,20,40,40,FLca,50
26932,3,0,8.1999998,0.92000002,0.69499999,16,20,40,40,FLca,10
16678,2,0,8.1999998,0.92000002,0.69499999,16,20,40,40,FLca,20
16858,3,0,8.1999998,0.92000002,0.69499999,16,20,40,40,FLca,10
16652,2,0,8.1999998,0.92000002,0.69499999,16,20,40,40,FLca,10
16713,3,0,8.1999998,0.92000002,0.69499999,16,20,40,40,FLca,10
16677,2,0,8.1999998,0.92000002,0.69499999,16,20,40,40,FLca,20
16974,1,0,8.1999998,0.92000002,0.69499999,16,20,40,40,FLca,80
16975,1,0,8.1999998,0.92000002,0.69499999,16,20,40,40,FLca,100
16976,1,0,8.1999998,0.92000002,0.69499999,16,20,40,40,FLca,100
32124,1,20,8.1999998,0.61000001,0.53100002,17,20,39,41,FLca,100
17607,2,20,8.1999998,0.61000001,0.53100002,17,20,39,41,FLca,50
27015,2,20,8.1999998,0.61000001,0.53100002,17,20,39,41,FLca,50
26965,3,20,8.1999998,0.61000001,0.53100002,17,20,39,41,FLca,10
26982,3,20,8.1999998,0.61000001,0.53100002,17,20,39,41,FLca,15
26987,2,20,8.1999998,0.61000001,0.53100002,17,20,39,41,FLca,30
26993,2,20,8.1999998,0.61000001,0.53100002,17,20,39,41,FLca,20
26964,3,20,8.1999998,0.61000001,0.53100002,17,20,39,41,FLca,10
27037,1,20,8.1999998,0.61000001,0.53100002,17,20,39,41,FLca,80
26947,1,20,8.1999998,0.61000001,0.53100002,17,20,39,41,FLca,100
26950,1,20,8.1999998,0.61000001,0.53100002,17,20,39,41,FLca,100
26949,1,20,8.1999998,0.61000001,0.53100002,17,20,39,41,FLca,100
27003,3,20,8.1999998,0.61000001,0.53100002,17,20,39,41,FLca,20
26948,1,20,8.1999998,0.61000001,0.53100002,17,20,39,41,FLca,100
16878,2,20,8.1999998,0.61000001,0.53100002,17,20,39,41,FLca,50
26932,3,20,8.1999998,0.61000001,0.53100002,17,20,39,41,FLca,10
16678,2,20,8.1999998,0.61000001,0.53100002,17,20,39,41,FLca,20
16858,3,20,8.1999998,0.61000001,0.53100002,17,20,39,41,FLca,10
16652,2,20,8.1999998,0.61000001,0.53100002,17,20,39,41,FLca,10
16713,3,20,8.1999998,0.61000001,0.53100002,17,20,39,41,FLca,10
16677,2,20,8.1999998,0.61000001,0.53100002,17,20,39,41,FLca,20
16974,1,20,8.1999998,0.61000001,0.53100002,17,20,39,41,FLca,80
16975,1,20,8.1999998,0.61000001,0.53100002,17,20,39,41,FLca,100
16976,1,20,8.1999998,0.61000001,0.53100002,17,20,39,41,FLca,100
32124,1,40,8.1999998,0.50999999,0.47199997,16,20,40,40,FLca,100
17607,2,40,8.1999998,0.50999999,0.47199997,16,20,40,40,FLca,50
27015,2,40,8.1999998,0.50999999,0.47199997,16,20,40,40,FLca,50
26965,3,40,8.1999998,0.50999999,0.47199997,16,20,40,40,FLca,10
26982,3,40,8.1999998,0.50999999,0.47199997,16,20,40,40,FLca,15
26987,2,40,8.1999998,0.50999999,0.47199997,16,20,40,40,FLca,30
26993,2,40,8.1999998,0.50999999,0.47199997,16,20,40,40,FLca,20
26964,3,40,8.1999998,0.50999999,0.47199997,16,20,40,40,FLca,10
27037,1,40,8.1999998,0.50999999,0.47199997,16,20,40,40,FLca,80
26947,1,40,8.1999998,0.50999999,0.47199997,16,20,40,40,FLca,100
26950,1,40,8.1999998,0.50999999,0.47199997,16,20,40,40,FLca,100
26949,1,40,8.1999998,0.50999999,0.47199997,16,20,40,40,FLca,100
27003,3,40,8.1999998,0.50999999,0.47199997,16,20,40,40,FLca,20
26948,1,40,8.1999998,0.50999999,0.47199997,16,20,40,40,FLca,100
16878,2,40,8.1999998,0.50999999,0.47199997,16,20,40,40,FLca,50
26932,3,40,8.1999998,0.50999999,0.47199997,16,20,40,40,FLca,10
16678,2,40,8.1999998,0.50999999,0.47199997,16,20,40,40,FLca,20
16858,3,40,8.1999998,0.50999999,0.47199997,16,20,40,40,FLca,10
16652,2,40,8.1999998,0.50999999,0.47199997,16,20,40,40,FLca,10
16713,3,40,8.1999998,0.50999999,0.47199997,16,20,40,40,FLca,10
16677,2,40,8.1999998,0.50999999,0.47199997,16,20,40,40,FLca,20
16974,1,40,8.1999998,0.50999999,0.47199997,16,20,40,40,FLca,80
16975,1,40,8.1999998,0.50999999,0.47199997,16,20,40,40,FLca,100
16976,1,40,8.1999998,0.50999999,0.47199997,16,20,40,40,FLca,100
32124,1,60,8.1999998,0.47,0.43000001,15,20,41,39,FLca,100
17607,2,60,8.1999998,0.47,0.43000001,15,20,41,39,FLca,50
27015,2,60,8.1999998,0.47,0.43000001,15,20,41,39,FLca,50
26965,3,60,8.1999998,0.47,0.43000001,15,20,41,39,FLca,10
26982,3,60,8.1999998,0.47,0.43000001,15,20,41,39,FLca,15
26987,2,60,8.1999998,0.47,0.43000001,15,20,41,39,FLca,30
26993,2,60,8.1999998,0.47,0.43000001,15,20,41,39,FLca,20
26964,3,60,8.1999998,0.47,0.43000001,15,20,41,39,FLca,10
27037,1,60,8.1999998,0.47,0.43000001,15,20,41,39,FLca,80
26947,1,60,8.1999998,0.47,0.43000001,15,20,41,39,FLca,100
26950,1,60,8.1999998,0.47,0.43000001,15,20,41,39,FLca,100
26949,1,60,8.1999998,0.47,0.43000001,15,20,41,39,FLca,100
27003,3,60,8.1999998,0.47,0.43000001,15,20,41,39,FLca,20
26948,1,60,8.1999998,0.47,0.43000001,15,20,41,39,FLca,100
16878,2,60,8.1999998,0.47,0.43000001,15,20,41,39,FLca,50
26932,3,60,8.1999998,0.47,0.43000001,15,20,41,39,FLca,10
16678,2,60,8.1999998,0.47,0.43000001,15,20,41,39,FLca,20
16858,3,60,8.1999998,0.47,0.43000001,15,20,41,39,FLca,10
16652,2,60,8.1999998,0.47,0.43000001,15,20,41,39,FLca,10
16713,3,60,8.1999998,0.47,0.43000001,15,20,41,39,FLca,10
16677,2,60,8.1999998,0.47,0.43000001,15,20,41,39,FLca,20
16974,1,60,8.1999998,0.47,0.43000001,15,20,41,39,FLca,80
16975,1,60,8.1999998,0.47,0.43000001,15,20,41,39,FLca,100
16976,1,60,8.1999998,0.47,0.43000001,15,20,41,39,FLca,100
32124,1,80,8.1999998,0.46000001,0.40700001,16,21,39,40,FLca,100
17607,2,80,8.1999998,0.46000001,0.40700001,16,21,39,40,FLca,50
27015,2,80,8.1999998,0.46000001,0.40700001,16,21,39,40,FLca,50
26965,3,80,8.1999998,0.46000001,0.40700001,16,21,39,40,FLca,10
26982,3,80,8.1999998,0.46000001,0.40700001,16,21,39,40,FLca,15
26987,2,80,8.1999998,0.46000001,0.40700001,16,21,39,40,FLca,30
26993,2,80,8.1999998,0.46000001,0.40700001,16,21,39,40,FLca,20
26964,3,80,8.1999998,0.46000001,0.40700001,16,21,39,40,FLca,10
27037,1,80,8.1999998,0.46000001,0.40700001,16,21,39,40,FLca,80
26947,1,80,8.1999998,0.46000001,0.40700001,16,21,39,40,FLca,100
26950,1,80,8.1999998,0.46000001,0.40700001,16,21,39,40,FLca,100
26949,1,80,8.1999998,0.46000001,0.40700001,16,21,39,40,FLca,100
27003,3,80,8.1999998,0.46000001,0.40700001,16,21,39,40,FLca,20
26948,1,80,8.1999998,0.46000001,0.40700001,16,21,39,40,FLca,100
16878,2,80,8.1999998,0.46000001,0.40700001,16,21,39,40,FLca,50
26932,3,80,8.1999998,0.46000001,0.40700001,16,21,39,40,FLca,10
16678,2,80,8.1999998,0.46000001,0.40700001,16,21,39,40,FLca,20
16858,3,80,8.1999998,0.46000001,0.40700001,16,21,39,40,FLca,10
16652,2,80,8.1999998,0.46000001,0.40700001,16,21,39,40,FLca,10
16713,3,80,8.1999998,0.46000001,0.40700001,16,21,39,40,FLca,10
16677,2,80,8.1999998,0.46000001,0.40700001,16,21,39,40,FLca,20
16974,1,80,8.1999998,0.46000001,0.40700001,16,21,39,40,FLca,80
16975,1,80,8.1999998,0.46000001,0.40700001,16,21,39,40,FLca,100
16976,1,80,8.1999998,0.46000001,0.40700001,16,21,39,40,FLca,100
32124,1,100,8.1999998,0.40000001,0.35600001,15,20,39,41,FLca,100
17607,2,100,8.1999998,0.40000001,0.35600001,15,20,39,41,FLca,50
27015,2,100,8.1999998,0.40000001,0.35600001,15,20,39,41,FLca,50
26965,3,100,8.1999998,0.40000001,0.35600001,15,20,39,41,FLca,10
26982,3,100,8.1999998,0.40000001,0.35600001,15,20,39,41,FLca,15
26987,2,100,8.1999998,0.40000001,0.35600001,15,20,39,41,FLca,30
26993,2,100,8.1999998,0.40000001,0.35600001,15,20,39,41,FLca,20
26964,3,100,8.1999998,0.40000001,0.35600001,15,20,39,41,FLca,10
27037,1,100,8.1999998,0.40000001,0.35600001,15,20,39,41,FLca,80
26947,1,100,8.1999998,0.40000001,0.35600001,15,20,39,41,FLca,100
26950,1,100,8.1999998,0.40000001,0.35600001,15,20,39,41,FLca,100
26949,1,100,8.1999998,0.40000001,0.35600001,15,20,39,41,FLca,100
27003,3,100,8.1999998,0.40000001,0.35600001,15,20,39,41,FLca,20
26948,1,100,8.1999998,0.40000001,0.35600001,15,20,39,41,FLca,100
16878,2,100,8.1999998,0.40000001,0.35600001,15,20,39,41,FLca,50
26932,3,100,8.1999998,0.40000001,0.35600001,15,20,39,41,FLca,10
16678,2,100,8.1999998,0.40000001,0.35600001,15,20,39,41,FLca,20
16858,3,100,8.1999998,0.40000001,0.35600001,15,20,39,41,FLca,10
16652,2,100,8.1999998,0.40000001,0.35600001,15,20,39,41,FLca,10
16713,3,100,8.1999998,0.40000001,0.35600001,15,20,39,41,FLca,10
16677,2,100,8.1999998,0.40000001,0.35600001,15,20,39,41,FLca,20
16974,1,100,8.1999998,0.40000001,0.35600001,15,20,39,41,FLca,80
16975,1,100,8.1999998,0.40000001,0.35600001,15,20,39,41,FLca,100
16976,1,100,8.1999998,0.40000001,0.35600001,15,20,39,41,FLca,100
32124,1,150,8.1999998,0.50999999,0.287,15,25,34,41,FLca,100
17607,2,150,8.1999998,0.50999999,0.287,15,25,34,41,FLca,50
27015,2,150,8.1999998,0.50999999,0.287,15,25,34,41,FLca,50
26965,3,150,8.1999998,0.50999999,0.287,15,25,34,41,FLca,10
26982,3,150,8.1999998,0.50999999,0.287,15,25,34,41,FLca,15
26987,2,150,8.1999998,0.50999999,0.287,15,25,34,41,FLca,30
26993,2,150,8.1999998,0.50999999,0.287,15,25,34,41,FLca,20
26964,3,150,8.1999998,0.50999999,0.287,15,25,34,41,FLca,10
27037,1,150,8.1999998,0.50999999,0.287,15,25,34,41,FLca,80
26947,1,150,8.1999998,0.50999999,0.287,15,25,34,41,FLca,100
26950,1,150,8.1999998,0.50999999,0.287,15,25,34,41,FLca,100
26949,1,150,8.1999998,0.50999999,0.287,15,25,34,41,FLca,100
27003,3,150,8.1999998,0.50999999,0.287,15,25,34,41,FLca,20
26948,1,150,8.1999998,0.50999999,0.287,15,25,34,41,FLca,100
16878,2,150,8.1999998,0.50999999,0.287,15,25,34,41,FLca,50
26932,3,150,8.1999998,0.50999999,0.287,15,25,34,41,FLca,10
16678,2,150,8.1999998,0.50999999,0.287,15,25,34,41,FLca,20
16858,3,150,8.1999998,0.50999999,0.287,15,25,34,41,FLca,10
16652,2,150,8.1999998,0.50999999,0.287,15,25,34,41,FLca,10
16713,3,150,8.1999998,0.50999999,0.287,15,25,34,41,FLca,10
16677,2,150,8.1999998,0.50999999,0.287,15,25,34,41,FLca,20
16974,1,150,8.1999998,0.50999999,0.287,15,25,34,41,FLca,80
16975,1,150,8.1999998,0.50999999,0.287,15,25,34,41,FLca,100
16976,1,150,8.1999998,0.50999999,0.287,15,25,34,41,FLca,100
16981,1,0,6.0999999,1.0700001,1.316,19,31,37,32,FLeu,100
16978,1,0,6.0999999,1.0700001,1.316,19,31,37,32,FLeu,100
16981,1,20,6.3000002,0.80000001,0.61199999,18,33,35,32,FLeu,100
16978,1,20,6.3000002,0.80000001,0.61199999,18,33,35,32,FLeu,100
16981,1,40,6.4000001,0.56,0.48400003,18,33,37,30,FLeu,100
16978,1,40,6.4000001,0.56,0.48400003,18,33,37,30,FLeu,100
16981,1,60,6.5,0.5,0.45300001,17,31,40,29,FLeu,100
16978,1,60,6.5,0.5,0.45300001,17,31,40,29,FLeu,100
16981,1,80,6.5999999,0.34,0.361,16,30,43,27,FLeu,100
16978,1,80,6.5999999,0.34,0.361,16,30,43,27,FLeu,100
16981,1,100,6.6999998,0.44,0.43699998,17,30,41,29,FLeu,100
16978,1,100,6.6999998,0.44,0.43699998,17,30,41,29,FLeu,100
16981,1,150,6.5,0.20999999,0.32100001,14,24,53,23,FLeu,100
16978,1,150,6.5,0.20999999,0.32100001,14,24,53,23,FLeu,100
16922,3,0,7.5,0.93000001,0.78000003,14,18,55,27,FLeu,10
16178,1,0,7.5,0.93000001,0.78000003,14,18,55,27,FLeu,80
16680,2,0,7.5,0.93000001,0.78000003,14,18,55,27,FLeu,40
16877,1,0,7.5,0.93000001,0.78000003,14,18,55,27,FLeu,80
26997,3,0,7.5,0.93000001,0.78000003,14,18,55,27,FLeu,20
26979,2,0,7.5,0.93000001,0.78000003,14,18,55,27,FLeu,30
26980,2,0,7.5,0.93000001,0.78000003,14,18,55,27,FLeu,40
27013,1,0,7.5,0.93000001,0.78000003,14,18,55,27,FLeu,80
27014,1,0,7.5,0.93000001,0.78000003,14,18,55,27,FLeu,80
16922,3,20,7.6999998,0.67000002,0.48899999,13,19,54,27,FLeu,10
16178,1,20,7.6999998,0.67000002,0.48899999,13,19,54,27,FLeu,80
16680,2,20,7.6999998,0.67000002,0.48899999,13,19,54,27,FLeu,40
16877,1,20,7.6999998,0.67000002,0.48899999,13,19,54,27,FLeu,80
26997,3,20,7.6999998,0.67000002,0.48899999,13,19,54,27,FLeu,20
26979,2,20,7.6999998,0.67000002,0.48899999,13,19,54,27,FLeu,30
26980,2,20,7.6999998,0.67000002,0.48899999,13,19,54,27,FLeu,40
27013,1,20,7.6999998,0.67000002,0.48899999,13,19,54,27,FLeu,80
27014,1,20,7.6999998,0.67000002,0.48899999,13,19,54,27,FLeu,80
16922,3,40,7.6999998,0.44999999,0.39399999,14,20,53,27,FLeu,10
16178,1,40,7.6999998,0.44999999,0.39399999,14,20,53,27,FLeu,80
16680,2,40,7.6999998,0.44999999,0.39399999,14,20,53,27,FLeu,40
16877,1,40,7.6999998,0.44999999,0.39399999,14,20,53,27,FLeu,80
26997,3,40,7.6999998,0.44999999,0.39399999,14,20,53,27,FLeu,20
26979,2,40,7.6999998,0.44999999,0.39399999,14,20,53,27,FLeu,30
26980,2,40,7.6999998,0.44999999,0.39399999,14,20,53,27,FLeu,40
27013,1,40,7.6999998,0.44999999,0.39399999,14,20,53,27,FLeu,80
27014,1,40,7.6999998,0.44999999,0.39399999,14,20,53,27,FLeu,80
16922,3,60,7.8000002,0.36000001,0.32699999,13,18,55,27,FLeu,10
16178,1,60,7.8000002,0.36000001,0.32699999,13,18,55,27,FLeu,80
16680,2,60,7.8000002,0.36000001,0.32699999,13,18,55,27,FLeu,40
16877,1,60,7.8000002,0.36000001,0.32699999,13,18,55,27,FLeu,80
26997,3,60,7.8000002,0.36000001,0.32699999,13,18,55,27,FLeu,20
26979,2,60,7.8000002,0.36000001,0.32699999,13,18,55,27,FLeu,30
26980,2,60,7.8000002,0.36000001,0.32699999,13,18,55,27,FLeu,40
27013,1,60,7.8000002,0.36000001,0.32699999,13,18,55,27,FLeu,80
27014,1,60,7.8000002,0.36000001,0.32699999,13,18,55,27,FLeu,80
16922,3,80,7.6999998,0.30000001,0.27399999,11,19,56,25,FLeu,10
16178,1,80,7.6999998,0.30000001,0.27399999,11,19,56,25,FLeu,80
16680,2,80,7.6999998,0.30000001,0.27399999,11,19,56,25,FLeu,40
16877,1,80,7.6999998,0.30000001,0.27399999,11,19,56,25,FLeu,80
26997,3,80,7.6999998,0.30000001,0.27399999,11,19,56,25,FLeu,20
26979,2,80,7.6999998,0.30000001,0.27399999,11,19,56,25,FLeu,30
26980,2,80,7.6999998,0.30000001,0.27399999,11,19,56,25,FLeu,40
27013,1,80,7.6999998,0.30000001,0.27399999,11,19,56,25,FLeu,80
27014,1,80,7.6999998,0.30000001,0.27399999,11,19,56,25,FLeu,80
16922,3,100,7.8000002,0.25999999,0.21800001,14,19,57,24,FLeu,10
16178,1,100,7.8000002,0.25999999,0.21800001,14,19,57,24,FLeu,80
16680,2,100,7.8000002,0.25999999,0.21800001,14,19,57,24,FLeu,40
16877,1,100,7.8000002,0.25999999,0.21800001,14,19,57,24,FLeu,80
26997,3,100,7.8000002,0.25999999,0.21800001,14,19,57,24,FLeu,20
26979,2,100,7.8000002,0.25999999,0.21800001,14,19,57,24,FLeu,30
26980,2,100,7.8000002,0.25999999,0.21800001,14,19,57,24,FLeu,40
27013,1,100,7.8000002,0.25999999,0.21800001,14,19,57,24,FLeu,80
27014,1,100,7.8000002,0.25999999,0.21800001,14,19,57,24,FLeu,80
16922,3,150,8.1999998,0.27000001,0.30000001,12,17,60,23,FLeu,10
16178,1,150,8.1999998,0.27000001,0.30000001,12,17,60,23,FLeu,80
16680,2,150,8.1999998,0.27000001,0.30000001,12,17,60,23,FLeu,40
16877,1,150,8.1999998,0.27000001,0.30000001,12,17,60,23,FLeu,80
26997,3,150,8.1999998,0.27000001,0.30000001,12,17,60,23,FLeu,20
26979,2,150,8.1999998,0.27000001,0.30000001,12,17,60,23,FLeu,30
26980,2,150,8.1999998,0.27000001,0.30000001,12,17,60,23,FLeu,40
27013,1,150,8.1999998,0.27000001,0.30000001,12,17,60,23,FLeu,80
27014,1,150,8.1999998,0.27000001,0.30000001,12,17,60,23,FLeu,80
16620,4,0,7.1999998,2.0999999,2.9959998,32,40,14,46,PHfv,10
16620,4,20,7.1999998,1.0700001,1.7379999,27,36,19,45,PHfv,10
16620,4,40,7.5999999,0.99000001,0.97299993,27,31,27,42,PHfv,10
16620,4,60,7.1999998,0.67000002,1.0350001,23,28,34,38,PHfv,10
16620,4,80,7.1999998,0.72000003,0.53499997,20,25,43,32,PHfv,10
16620,4,100,7.1999998,0.93000001,0.45300001,21,27,37,36,PHfv,10
16620,4,150,7.5999999,0.55000001,0.48899999,16,24,39,37,PHfv,10
16820,1,0,8.5,0.64999998,0.63,16,26,41,33,SCfv,100
16820,1,20,8.5,0.54000002,0.48800001,15,28,40,32,SCfv,100
16820,1,40,8.5,0.46000001,0.41500002,12,26,43,31,SCfv,100
16820,1,60,8.5,0.34,0.322,10,22,49,29,SCfv,100
16820,1,80,8.6000004,0.34999999,0.347,12,24,44,32,SCfv,100
16820,1,100,8.6000004,0.30000001,0.30699998,11,24,49,27,SCfv,100
16820,1,150,8.1999998,0.41,0.30500001,14,22,44,34,SCfv,100
26972,2,0,4.9000001,1.61,1.876,10,42,40,18,FRha,15
26952,1,0,4.9000001,1.61,1.876,10,42,40,18,FRha,100
26972,2,20,5,0.91000003,0.97399998,7,47,36,17,FRha,15
26952,1,20,5,0.91000003,0.97399998,7,47,36,17,FRha,100
26972,2,40,5,0.68000001,0.65100002,6,49,35,16,FRha,15
26952,1,40,5,0.68000001,0.65100002,6,49,35,16,FRha,100
26972,2,60,5.0999999,0.56999999,0.505,6,49,34,17,FRha,15
26952,1,60,5.0999999,0.56999999,0.505,6,49,34,17,FRha,100
26972,2,80,5.1999998,0.5,0.41500002,5,49,34,17,FRha,15
26952,1,80,5.1999998,0.5,0.41500002,5,49,34,17,FRha,100
26972,2,100,5.1999998,0.46000001,0.347,5,48,34,18,FRha,15
26952,1,100,5.1999998,0.46000001,0.347,5,48,34,18,FRha,100
26972,2,150,5.1999998,0.41999999,0.29300001,5,48,34,18,FRha,15
26952,1,150,5.1999998,0.41999999,0.29300001,5,48,34,18,FRha,100
27016,1,0,5.5999999,1.48,1.526,10,48,35,17,FRro,100
27017,1,0,5.5999999,1.48,1.526,10,48,35,17,FRro,40
17576,1,0,5.5999999,1.48,1.526,10,48,35,17,FRro,100
27016,1,20,5.5999999,0.93000001,0.90900004,8,55,31,14,FRro,100
27017,1,20,5.5999999,0.93000001,0.90900004,8,55,31,14,FRro,40
17576,1,20,5.5999999,0.93000001,0.90900004,8,55,31,14,FRro,100
27016,1,40,5.6999998,0.67000002,0.56999999,6,57,29,14,FRro,100
27017,1,40,5.6999998,0.67000002,0.56999999,6,57,29,14,FRro,40
17576,1,40,5.6999998,0.67000002,0.56999999,6,57,29,14,FRro,100
27016,1,60,5.5999999,0.56999999,0.48000002,6,57,29,14,FRro,100
27017,1,60,5.5999999,0.56999999,0.48000002,6,57,29,14,FRro,40
17576,1,60,5.5999999,0.56999999,0.48000002,6,57,29,14,FRro,100
27016,1,80,5.6999998,0.40000001,0.389,6,58,28,14,FRro,100
27017,1,80,5.6999998,0.40000001,0.389,6,58,28,14,FRro,40
17576,1,80,5.6999998,0.40000001,0.389,6,58,28,14,FRro,100
27016,1,100,5.6999998,0.37,0.35600001,6,59,27,14,FRro,100
27017,1,100,5.6999998,0.37,0.35600001,6,59,27,14,FRro,40
17576,1,100,5.6999998,0.37,0.35600001,6,59,27,14,FRro,100
27016,1,150,5.5999999,0.36000001,0.30199999,5,59,27,14,FRro,100
27017,1,150,5.5999999,0.36000001,0.30199999,5,59,27,14,FRro,40
17576,1,150,5.5999999,0.36000001,0.30199999,5,59,27,14,FRro,100
26976,1,0,5.5999999,1.42,1.166,10,33,48,19,FRro,50
26976,1,20,5.5,0.94999999,0.917,8,40,41,19,FRro,50
26976,1,40,5.5,0.64999998,0.58899999,7,43,39,18,FRro,50
26976,1,60,5.5,0.55000001,0.47499999,6,44,39,17,FRro,50
26976,1,80,5.5999999,0.43000001,0.39700001,6,44,38,18,FRro,50
26976,1,100,5.5999999,0.38,0.33699998,6,56,29,15,FRro,50
26976,1,150,5.5999999,0.31,0.296,5,55,30,15,FRro,50
26951,1,0,6.4000001,0.62,1.183,17,29,53,18,GLeu,100
27018,1,0,6.4000001,0.62,1.183,17,29,53,18,GLeu,100
17404,1,0,6.4000001,0.62,1.183,17,29,53,18,GLeu,100
26951,1,20,6.5999999,0.33000001,0.373,17,33,51,16,GLeu,100
27018,1,20,6.5999999,0.33000001,0.373,17,33,51,16,GLeu,100
17404,1,20,6.5999999,0.33000001,0.373,17,33,51,16,GLeu,100
26951,1,40,6.5999999,0.34999999,0.37099999,15,30,54,16,GLeu,100
27018,1,40,6.5999999,0.34999999,0.37099999,15,30,54,16,GLeu,100
17404,1,40,6.5999999,0.34999999,0.37099999,15,30,54,16,GLeu,100
26951,1,60,6.5999999,0.33000001,0.27599999,15,30,55,15,GLeu,100
27018,1,60,6.5999999,0.33000001,0.27599999,15,30,55,15,GLeu,100
17404,1,60,6.5999999,0.33000001,0.27599999,15,30,55,15,GLeu,100
26951,1,80,6.8000002,0.28999999,0.21199998,15,30,55,15,GLeu,100
27018,1,80,6.8000002,0.28999999,0.21199998,15,30,55,15,GLeu,100
17404,1,80,6.8000002,0.28999999,0.21199998,15,30,55,15,GLeu,100
26951,1,100,7.0999999,0.23,0.139,14,28,59,13,GLeu,100
27018,1,100,7.0999999,0.23,0.139,14,28,59,13,GLeu,100
17404,1,100,7.0999999,0.23,0.139,14,28,59,13,GLeu,100
26951,1,150,6.8000002,0.56999999,0.26800001,14,31,32,37,GLeu,100
27018,1,150,6.8000002,0.56999999,0.26800001,14,31,32,37,GLeu,100
17404,1,150,6.8000002,0.56999999,0.26800001,14,31,32,37,GLeu,100
32146,1,0,8,0.60000002,0.45900002,10,17,47,36,GY,100
32146,1,20,8.1000004,0.44,0.27399999,8,19,45,36,GY,100
32146,1,40,8.1000004,0.38999999,0.205,8,19,45,36,GY,100
32146,1,60,8.1000004,0.31999999,0.17200001,7,18,47,35,GY,100
32146,1,80,8.1000004,0.28999999,0.13500001,7,17,46,37,GY,100
32146,1,100,8,0.23,0.125,7,16,48,36,GY,100
32146,1,150,8,0.22,0.153,7,17,46,37,GY,100
27034,1,0,7.9000001,0.56,0.50700003,8,18,44,38,GYha,70
26930,1,0,7.9000001,0.56,0.50700003,8,18,44,38,GYha,100
27035,1,0,7.9000001,0.56,0.50700003,8,18,44,38,GYha,80
26988,2,0,7.9000001,0.56,0.50700003,8,18,44,38,GYha,30
16925,1,0,7.9000001,0.56,0.50700003,8,18,44,38,GYha,80
26931,1,0,7.9000001,0.56,0.50700003,8,18,44,38,GYha,60
16657,2,0,7.9000001,0.56,0.50700003,8,18,44,38,GYha,30
26932,1,0,7.9000001,0.56,0.50700003,8,18,44,38,GYha,50
16826,2,0,7.9000001,0.56,0.50700003,8,18,44,38,GYha,40
16861,2,0,7.9000001,0.56,0.50700003,8,18,44,38,GYha,30
16923,1,0,7.9000001,0.56,0.50700003,8,18,44,38,GYha,70
16924,1,0,7.9000001,0.56,0.50700003,8,18,44,38,GYha,70
16658,2,0,7.9000001,0.56,0.50700003,8,18,44,38,GYha,30
27034,1,20,8,0.44,0.28299999,7,20,40,40,GYha,70
26930,1,20,8,0.44,0.28299999,7,20,40,40,GYha,100
27035,1,20,8,0.44,0.28299999,7,20,40,40,GYha,80
26988,2,20,8,0.44,0.28299999,7,20,40,40,GYha,30
16925,1,20,8,0.44,0.28299999,7,20,40,40,GYha,80
26931,1,20,8,0.44,0.28299999,7,20,40,40,GYha,60
16657,2,20,8,0.44,0.28299999,7,20,40,40,GYha,30
26932,1,20,8,0.44,0.28299999,7,20,40,40,GYha,50
16826,2,20,8,0.44,0.28299999,7,20,40,40,GYha,40
16861,2,20,8,0.44,0.28299999,7,20,40,40,GYha,30
16923,1,20,8,0.44,0.28299999,7,20,40,40,GYha,70
16924,1,20,8,0.44,0.28299999,7,20,40,40,GYha,70
16658,2,20,8,0.44,0.28299999,7,20,40,40,GYha,30
27034,1,40,8,0.34999999,0.243,7,19,41,40,GYha,70
26930,1,40,8,0.34999999,0.243,7,19,41,40,GYha,100
27035,1,40,8,0.34999999,0.243,7,19,41,40,GYha,80
26988,2,40,8,0.34999999,0.243,7,19,41,40,GYha,30
16925,1,40,8,0.34999999,0.243,7,19,41,40,GYha,80
26931,1,40,8,0.34999999,0.243,7,19,41,40,GYha,60
16657,2,40,8,0.34999999,0.243,7,19,41,40,GYha,30
26932,1,40,8,0.34999999,0.243,7,19,41,40,GYha,50
16826,2,40,8,0.34999999,0.243,7,19,41,40,GYha,40
16861,2,40,8,0.34999999,0.243,7,19,41,40,GYha,30
16923,1,40,8,0.34999999,0.243,7,19,41,40,GYha,70
16924,1,40,8,0.34999999,0.243,7,19,41,40,GYha,70
16658,2,40,8,0.34999999,0.243,7,19,41,40,GYha,30
27034,1,60,8,0.28,0.19400001,6,19,42,39,GYha,70
26930,1,60,8,0.28,0.19400001,6,19,42,39,GYha,100
27035,1,60,8,0.28,0.19400001,6,19,42,39,GYha,80
26988,2,60,8,0.28,0.19400001,6,19,42,39,GYha,30
16925,1,60,8,0.28,0.19400001,6,19,42,39,GYha,80
26931,1,60,8,0.28,0.19400001,6,19,42,39,GYha,60
16657,2,60,8,0.28,0.19400001,6,19,42,39,GYha,30
26932,1,60,8,0.28,0.19400001,6,19,42,39,GYha,50
16826,2,60,8,0.28,0.19400001,6,19,42,39,GYha,40
16861,2,60,8,0.28,0.19400001,6,19,42,39,GYha,30
16923,1,60,8,0.28,0.19400001,6,19,42,39,GYha,70
16924,1,60,8,0.28,0.19400001,6,19,42,39,GYha,70
16658,2,60,8,0.28,0.19400001,6,19,42,39,GYha,30
27034,1,80,8,0.27000001,0.138,6,19,43,38,GYha,70
26930,1,80,8,0.27000001,0.138,6,19,43,38,GYha,100
27035,1,80,8,0.27000001,0.138,6,19,43,38,GYha,80
26988,2,80,8,0.27000001,0.138,6,19,43,38,GYha,30
16925,1,80,8,0.27000001,0.138,6,19,43,38,GYha,80
26931,1,80,8,0.27000001,0.138,6,19,43,38,GYha,60
16657,2,80,8,0.27000001,0.138,6,19,43,38,GYha,30
26932,1,80,8,0.27000001,0.138,6,19,43,38,GYha,50
16826,2,80,8,0.27000001,0.138,6,19,43,38,GYha,40
16861,2,80,8,0.27000001,0.138,6,19,43,38,GYha,30
16923,1,80,8,0.27000001,0.138,6,19,43,38,GYha,70
16924,1,80,8,0.27000001,0.138,6,19,43,38,GYha,70
16658,2,80,8,0.27000001,0.138,6,19,43,38,GYha,30
27034,1,100,8.1000004,0.22,0.17,6,16,47,37,GYha,70
26930,1,100,8.1000004,0.22,0.17,6,16,47,37,GYha,100
27035,1,100,8.1000004,0.22,0.17,6,16,47,37,GYha,80
26988,2,100,8.1000004,0.22,0.17,6,16,47,37,GYha,30
16925,1,100,8.1000004,0.22,0.17,6,16,47,37,GYha,80
26931,1,100,8.1000004,0.22,0.17,6,16,47,37,GYha,60
16657,2,100,8.1000004,0.22,0.17,6,16,47,37,GYha,30
26932,1,100,8.1000004,0.22,0.17,6,16,47,37,GYha,50
16826,2,100,8.1000004,0.22,0.17,6,16,47,37,GYha,40
16861,2,100,8.1000004,0.22,0.17,6,16,47,37,GYha,30
16923,1,100,8.1000004,0.22,0.17,6,16,47,37,GYha,70
16924,1,100,8.1000004,0.22,0.17,6,16,47,37,GYha,70
16658,2,100,8.1000004,0.22,0.17,6,16,47,37,GYha,30
27034,1,150,8.1000004,0.20999999,0.147,6,17,46,37,GYha,70
26930,1,150,8.1000004,0.20999999,0.147,6,17,46,37,GYha,100
27035,1,150,8.1000004,0.20999999,0.147,6,17,46,37,GYha,80
26988,2,150,8.1000004,0.20999999,0.147,6,17,46,37,GYha,30
16925,1,150,8.1000004,0.20999999,0.147,6,17,46,37,GYha,80
26931,1,150,8.1000004,0.20999999,0.147,6,17,46,37,GYha,60
16657,2,150,8.1000004,0.20999999,0.147,6,17,46,37,GYha,30
26932,1,150,8.1000004,0.20999999,0.147,6,17,46,37,GYha,50
16826,2,150,8.1000004,0.20999999,0.147,6,17,46,37,GYha,40
16861,2,150,8.1000004,0.20999999,0.147,6,17,46,37,GYha,30
16923,1,150,8.1000004,0.20999999,0.147,6,17,46,37,GYha,70
16924,1,150,8.1000004,0.20999999,0.147,6,17,46,37,GYha,70
16658,2,150,8.1000004,0.20999999,0.147,6,17,46,37,GYha,30
26910,1,0,8.1000004,0.64999998,0.42899999,7,15,53,32,GYpt,100
16658,3,0,8.1000004,0.64999998,0.42899999,7,15,53,32,GYpt,10
16657,3,0,8.1000004,0.64999998,0.42899999,7,15,53,32,GYpt,20
26903,2,0,8.1000004,0.64999998,0.42899999,7,15,53,32,GYpt,30
26907,1,0,8.1000004,0.64999998,0.42899999,7,15,53,32,GYpt,90
26909,1,0,8.1000004,0.64999998,0.42899999,7,15,53,32,GYpt,100
16817,1,0,8.1000004,0.64999998,0.42899999,7,15,53,32,GYpt,90
26912,1,0,8.1000004,0.64999998,0.42899999,7,15,53,32,GYpt,100
26933,1,0,8.1000004,0.64999998,0.42899999,7,15,53,32,GYpt,40
26985,1,0,8.1000004,0.64999998,0.42899999,7,15,53,32,GYpt,70
26988,1,0,8.1000004,0.64999998,0.42899999,7,15,53,32,GYpt,70
27034,2,0,8.1000004,0.64999998,0.42899999,7,15,53,32,GYpt,30
16171,2,0,8.1000004,0.64999998,0.42899999,7,15,53,32,GYpt,30
16172,1,0,8.1000004,0.64999998,0.42899999,7,15,53,32,GYpt,100
26908,1,0,8.1000004,0.64999998,0.42899999,7,15,53,32,GYpt,90
16861,1,0,8.1000004,0.64999998,0.42899999,7,15,53,32,GYpt,70
16924,2,0,8.1000004,0.64999998,0.42899999,7,15,53,32,GYpt,20
16705,2,0,8.1000004,0.64999998,0.42899999,7,15,53,32,GYpt,30
16173,1,0,8.1000004,0.64999998,0.42899999,7,15,53,32,GYpt,100
16709,2,0,8.1000004,0.64999998,0.42899999,7,15,53,32,GYpt,40
16860,1,0,8.1000004,0.64999998,0.42899999,7,15,53,32,GYpt,70
16826,1,0,8.1000004,0.64999998,0.42899999,7,15,53,32,GYpt,40
16825,1,0,8.1000004,0.64999998,0.42899999,7,15,53,32,GYpt,100
16822,1,0,8.1000004,0.64999998,0.42899999,7,15,53,32,GYpt,100
16819,1,0,8.1000004,0.64999998,0.42899999,7,15,53,32,GYpt,100
16818,1,0,8.1000004,0.64999998,0.42899999,7,15,53,32,GYpt,90
16923,2,0,8.1000004,0.64999998,0.42899999,7,15,53,32,GYpt,30
26910,1,20,8.1000004,0.34,0.14299999,7,17,51,32,GYpt,100
16658,3,20,8.1000004,0.34,0.14299999,7,17,51,32,GYpt,10
16657,3,20,8.1000004,0.34,0.14299999,7,17,51,32,GYpt,20
26903,2,20,8.1000004,0.34,0.14299999,7,17,51,32,GYpt,30
26907,1,20,8.1000004,0.34,0.14299999,7,17,51,32,GYpt,90
26909,1,20,8.1000004,0.34,0.14299999,7,17,51,32,GYpt,100
16817,1,20,8.1000004,0.34,0.14299999,7,17,51,32,GYpt,90
26912,1,20,8.1000004,0.34,0.14299999,7,17,51,32,GYpt,100
26933,1,20,8.1000004,0.34,0.14299999,7,17,51,32,GYpt,40
26985,1,20,8.1000004,0.34,0.14299999,7,17,51,32,GYpt,70
26988,1,20,8.1000004,0.34,0.14299999,7,17,51,32,GYpt,70
27034,2,20,8.1000004,0.34,0.14299999,7,17,51,32,GYpt,30
16171,2,20,8.1000004,0.34,0.14299999,7,17,51,32,GYpt,30
16172,1,20,8.1000004,0.34,0.14299999,7,17,51,32,GYpt,100
26908,1,20,8.1000004,0.34,0.14299999,7,17,51,32,GYpt,90
16861,1,20,8.1000004,0.34,0.14299999,7,17,51,32,GYpt,70
16924,2,20,8.1000004,0.34,0.14299999,7,17,51,32,GYpt,20
16705,2,20,8.1000004,0.34,0.14299999,7,17,51,32,GYpt,30
16173,1,20,8.1000004,0.34,0.14299999,7,17,51,32,GYpt,100
16709,2,20,8.1000004,0.34,0.14299999,7,17,51,32,GYpt,40
16860,1,20,8.1000004,0.34,0.14299999,7,17,51,32,GYpt,70
16826,1,20,8.1000004,0.34,0.14299999,7,17,51,32,GYpt,40
16825,1,20,8.1000004,0.34,0.14299999,7,17,51,32,GYpt,100
16822,1,20,8.1000004,0.34,0.14299999,7,17,51,32,GYpt,100
16819,1,20,8.1000004,0.34,0.14299999,7,17,51,32,GYpt,100
16818,1,20,8.1000004,0.34,0.14299999,7,17,51,32,GYpt,90
16923,2,20,8.1000004,0.34,0.14299999,7,17,51,32,GYpt,30
26910,1,40,7.9000001,0.73000002,0.123,6,17,50,33,GYpt,100
16658,3,40,7.9000001,0.73000002,0.123,6,17,50,33,GYpt,10
16657,3,40,7.9000001,0.73000002,0.123,6,17,50,33,GYpt,20
26903,2,40,7.9000001,0.73000002,0.123,6,17,50,33,GYpt,30
26907,1,40,7.9000001,0.73000002,0.123,6,17,50,33,GYpt,90
26909,1,40,7.9000001,0.73000002,0.123,6,17,50,33,GYpt,100
16817,1,40,7.9000001,0.73000002,0.123,6,17,50,33,GYpt,90
26912,1,40,7.9000001,0.73000002,0.123,6,17,50,33,GYpt,100
26933,1,40,7.9000001,0.73000002,0.123,6,17,50,33,GYpt,40
26985,1,40,7.9000001,0.73000002,0.123,6,17,50,33,GYpt,70
26988,1,40,7.9000001,0.73000002,0.123,6,17,50,33,GYpt,70
27034,2,40,7.9000001,0.73000002,0.123,6,17,50,33,GYpt,30
16171,2,40,7.9000001,0.73000002,0.123,6,17,50,33,GYpt,30
16172,1,40,7.9000001,0.73000002,0.123,6,17,50,33,GYpt,100
26908,1,40,7.9000001,0.73000002,0.123,6,17,50,33,GYpt,90
16861,1,40,7.9000001,0.73000002,0.123,6,17,50,33,GYpt,70
16924,2,40,7.9000001,0.73000002,0.123,6,17,50,33,GYpt,20
16705,2,40,7.9000001,0.73000002,0.123,6,17,50,33,GYpt,30
16173,1,40,7.9000001,0.73000002,0.123,6,17,50,33,GYpt,100
16709,2,40,7.9000001,0.73000002,0.123,6,17,50,33,GYpt,40
16860,1,40,7.9000001,0.73000002,0.123,6,17,50,33,GYpt,70
16826,1,40,7.9000001,0.73000002,0.123,6,17,50,33,GYpt,40
16825,1,40,7.9000001,0.73000002,0.123,6,17,50,33,GYpt,100
16822,1,40,7.9000001,0.73000002,0.123,6,17,50,33,GYpt,100
16819,1,40,7.9000001,0.73000002,0.123,6,17,50,33,GYpt,100
16818,1,40,7.9000001,0.73000002,0.123,6,17,50,33,GYpt,90
16923,2,40,7.9000001,0.73000002,0.123,6,17,50,33,GYpt,30
26910,1,60,8.1000004,0.68000001,0.125,6,17,49,34,GYpt,100
16658,3,60,8.1000004,0.68000001,0.125,6,17,49,34,GYpt,10
16657,3,60,8.1000004,0.68000001,0.125,6,17,49,34,GYpt,20
26903,2,60,8.1000004,0.68000001,0.125,6,17,49,34,GYpt,30
26907,1,60,8.1000004,0.68000001,0.125,6,17,49,34,GYpt,90
26909,1,60,8.1000004,0.68000001,0.125,6,17,49,34,GYpt,100
16817,1,60,8.1000004,0.68000001,0.125,6,17,49,34,GYpt,90
26912,1,60,8.1000004,0.68000001,0.125,6,17,49,34,GYpt,100
26933,1,60,8.1000004,0.68000001,0.125,6,17,49,34,GYpt,40
26985,1,60,8.1000004,0.68000001,0.125,6,17,49,34,GYpt,70
26988,1,60,8.1000004,0.68000001,0.125,6,17,49,34,GYpt,70
27034,2,60,8.1000004,0.68000001,0.125,6,17,49,34,GYpt,30
16171,2,60,8.1000004,0.68000001,0.125,6,17,49,34,GYpt,30
16172,1,60,8.1000004,0.68000001,0.125,6,17,49,34,GYpt,100
26908,1,60,8.1000004,0.68000001,0.125,6,17,49,34,GYpt,90
16861,1,60,8.1000004,0.68000001,0.125,6,17,49,34,GYpt,70
16924,2,60,8.1000004,0.68000001,0.125,6,17,49,34,GYpt,20
16705,2,60,8.1000004,0.68000001,0.125,6,17,49,34,GYpt,30
16173,1,60,8.1000004,0.68000001,0.125,6,17,49,34,GYpt,100
16709,2,60,8.1000004,0.68000001,0.125,6,17,49,34,GYpt,40
16860,1,60,8.1000004,0.68000001,0.125,6,17,49,34,GYpt,70
16826,1,60,8.1000004,0.68000001,0.125,6,17,49,34,GYpt,40
16825,1,60,8.1000004,0.68000001,0.125,6,17,49,34,GYpt,100
16822,1,60,8.1000004,0.68000001,0.125,6,17,49,34,GYpt,100
16819,1,60,8.1000004,0.68000001,0.125,6,17,49,34,GYpt,100
16818,1,60,8.1000004,0.68000001,0.125,6,17,49,34,GYpt,90
16923,2,60,8.1000004,0.68000001,0.125,6,17,49,34,GYpt,30
26910,1,80,8.1000004,0.28999999,0.119,6,11,47,42,GYpt,100
16658,3,80,8.1000004,0.28999999,0.119,6,11,47,42,GYpt,10
16657,3,80,8.1000004,0.28999999,0.119,6,11,47,42,GYpt,20
26903,2,80,8.1000004,0.28999999,0.119,6,11,47,42,GYpt,30
26907,1,80,8.1000004,0.28999999,0.119,6,11,47,42,GYpt,90
26909,1,80,8.1000004,0.28999999,0.119,6,11,47,42,GYpt,100
16817,1,80,8.1000004,0.28999999,0.119,6,11,47,42,GYpt,90
26912,1,80,8.1000004,0.28999999,0.119,6,11,47,42,GYpt,100
26933,1,80,8.1000004,0.28999999,0.119,6,11,47,42,GYpt,40
26985,1,80,8.1000004,0.28999999,0.119,6,11,47,42,GYpt,70
26988,1,80,8.1000004,0.28999999,0.119,6,11,47,42,GYpt,70
27034,2,80,8.1000004,0.28999999,0.119,6,11,47,42,GYpt,30
16171,2,80,8.1000004,0.28999999,0.119,6,11,47,42,GYpt,30
16172,1,80,8.1000004,0.28999999,0.119,6,11,47,42,GYpt,100
26908,1,80,8.1000004,0.28999999,0.119,6,11,47,42,GYpt,90
16861,1,80,8.1000004,0.28999999,0.119,6,11,47,42,GYpt,70
16924,2,80,8.1000004,0.28999999,0.119,6,11,47,42,GYpt,20
16705,2,80,8.1000004,0.28999999,0.119,6,11,47,42,GYpt,30
16173,1,80,8.1000004,0.28999999,0.119,6,11,47,42,GYpt,100
16709,2,80,8.1000004,0.28999999,0.119,6,11,47,42,GYpt,40
16860,1,80,8.1000004,0.28999999,0.119,6,11,47,42,GYpt,70
16826,1,80,8.1000004,0.28999999,0.119,6,11,47,42,GYpt,40
16825,1,80,8.1000004,0.28999999,0.119,6,11,47,42,GYpt,100
16822,1,80,8.1000004,0.28999999,0.119,6,11,47,42,GYpt,100
16819,1,80,8.1000004,0.28999999,0.119,6,11,47,42,GYpt,100
16818,1,80,8.1000004,0.28999999,0.119,6,11,47,42,GYpt,90
16923,2,80,8.1000004,0.28999999,0.119,6,11,47,42,GYpt,30
26910,1,100,8.1000004,0.23,0.117,3,10,47,43,GYpt,100
16658,3,100,8.1000004,0.23,0.117,3,10,47,43,GYpt,10
16657,3,100,8.1000004,0.23,0.117,3,10,47,43,GYpt,20
26903,2,100,8.1000004,0.23,0.117,3,10,47,43,GYpt,30
26907,1,100,8.1000004,0.23,0.117,3,10,47,43,GYpt,90
26909,1,100,8.1000004,0.23,0.117,3,10,47,43,GYpt,100
16817,1,100,8.1000004,0.23,0.117,3,10,47,43,GYpt,90
26912,1,100,8.1000004,0.23,0.117,3,10,47,43,GYpt,100
26933,1,100,8.1000004,0.23,0.117,3,10,47,43,GYpt,40
26985,1,100,8.1000004,0.23,0.117,3,10,47,43,GYpt,70
26988,1,100,8.1000004,0.23,0.117,3,10,47,43,GYpt,70
27034,2,100,8.1000004,0.23,0.117,3,10,47,43,GYpt,30
16171,2,100,8.1000004,0.23,0.117,3,10,47,43,GYpt,30
16172,1,100,8.1000004,0.23,0.117,3,10,47,43,GYpt,100
26908,1,100,8.1000004,0.23,0.117,3,10,47,43,GYpt,90
16861,1,100,8.1000004,0.23,0.117,3,10,47,43,GYpt,70
16924,2,100,8.1000004,0.23,0.117,3,10,47,43,GYpt,20
16705,2,100,8.1000004,0.23,0.117,3,10,47,43,GYpt,30
16173,1,100,8.1000004,0.23,0.117,3,10,47,43,GYpt,100
16709,2,100,8.1000004,0.23,0.117,3,10,47,43,GYpt,40
16860,1,100,8.1000004,0.23,0.117,3,10,47,43,GYpt,70
16826,1,100,8.1000004,0.23,0.117,3,10,47,43,GYpt,40
16825,1,100,8.1000004,0.23,0.117,3,10,47,43,GYpt,100
16822,1,100,8.1000004,0.23,0.117,3,10,47,43,GYpt,100
16819,1,100,8.1000004,0.23,0.117,3,10,47,43,GYpt,100
16818,1,100,8.1000004,0.23,0.117,3,10,47,43,GYpt,90
16923,2,100,8.1000004,0.23,0.117,3,10,47,43,GYpt,30
26910,1,150,8,0.22,0.153,7,17,46,37,GYpt,100
16658,3,150,8,0.22,0.153,7,17,46,37,GYpt,10
16657,3,150,8,0.22,0.153,7,17,46,37,GYpt,20
26903,2,150,8,0.22,0.153,7,17,46,37,GYpt,30
26907,1,150,8,0.22,0.153,7,17,46,37,GYpt,90
26909,1,150,8,0.22,0.153,7,17,46,37,GYpt,100
16817,1,150,8,0.22,0.153,7,17,46,37,GYpt,90
26912,1,150,8,0.22,0.153,7,17,46,37,GYpt,100
26933,1,150,8,0.22,0.153,7,17,46,37,GYpt,40
26985,1,150,8,0.22,0.153,7,17,46,37,GYpt,70
26988,1,150,8,0.22,0.153,7,17,46,37,GYpt,70
27034,2,150,8,0.22,0.153,7,17,46,37,GYpt,30
16171,2,150,8,0.22,0.153,7,17,46,37,GYpt,30
16172,1,150,8,0.22,0.153,7,17,46,37,GYpt,100
26908,1,150,8,0.22,0.153,7,17,46,37,GYpt,90
16861,1,150,8,0.22,0.153,7,17,46,37,GYpt,70
16924,2,150,8,0.22,0.153,7,17,46,37,GYpt,20
16705,2,150,8,0.22,0.153,7,17,46,37,GYpt,30
16173,1,150,8,0.22,0.153,7,17,46,37,GYpt,100
16709,2,150,8,0.22,0.153,7,17,46,37,GYpt,40
16860,1,150,8,0.22,0.153,7,17,46,37,GYpt,70
16826,1,150,8,0.22,0.153,7,17,46,37,GYpt,40
16825,1,150,8,0.22,0.153,7,17,46,37,GYpt,100
16822,1,150,8,0.22,0.153,7,17,46,37,GYpt,100
16819,1,150,8,0.22,0.153,7,17,46,37,GYpt,100
16818,1,150,8,0.22,0.153,7,17,46,37,GYpt,90
16923,2,150,8,0.22,0.153,7,17,46,37,GYpt,30
16995,1,0,4.5,14.72,42.523003,86,35,27,38,HSfi,100
16995,1,20,4.5,11.25,45.661999,83,34,30,36,HSfi,100
16995,1,40,4.5,12.43,46.882,80,34,29,37,HSfi,100
16995,1,60,4.5999999,11.38,45.146,79,34,31,35,HSfi,100
16995,1,80,4.5999999,10.63,39.201,68,30,42,28,HSfi,100
16995,1,100,4.5999999,10.27,33.234001,56,29,44,27,HSfi,100
16995,1,150,4.5,11.53,36.980999,48,15,57,28,HSfi,100
16619,1,0,6.5,1.3099999,1.6340001,14,26,45,29,LPeu,50
16619,1,20,6.5999999,0.83999997,1.0439999,12,28,43,29,LPeu,50
16619,1,40,-7,-7,-7,-7,-7,-7,-7,LPeu,50
16619,1,60,-7,-7,-7,-7,-7,-7,-7,LPeu,50
16619,1,80,-7,-7,-7,-7,-7,-7,-7,LPeu,50
16619,1,100,-7,-7,-7,-7,-7,-7,-7,LPeu,50
16619,1,150,-7,-7,-7,-7,-7,-7,-7,LPeu,50
16177,2,0,7.6999998,0.94999999,0.588,13,16,61,23,LPeu,20
26905,2,0,7.6999998,0.94999999,0.588,13,16,61,23,LPeu,10
26904,3,0,7.6999998,0.94999999,0.588,13,16,61,23,LPeu,20
26902,3,0,7.6999998,0.94999999,0.588,13,16,61,23,LPeu,10
26925,2,0,7.6999998,0.94999999,0.588,13,16,61,23,LPeu,30
26937,3,0,7.6999998,0.94999999,0.588,13,16,61,23,LPeu,20
26933,3,0,7.6999998,0.94999999,0.588,13,16,61,23,LPeu,30
26923,3,0,7.6999998,0.94999999,0.588,13,16,61,23,LPeu,20
26899,1,0,7.6999998,0.94999999,0.588,13,16,61,23,LPeu,80
26900,2,0,7.6999998,0.94999999,0.588,13,16,61,23,LPeu,30
26985,2,0,7.6999998,0.94999999,0.588,13,16,61,23,LPeu,20
27019,1,0,7.6999998,0.94999999,0.588,13,16,61,23,LPeu,100
27005,3,0,7.6999998,0.94999999,0.588,13,16,61,23,LPeu,10
27004,2,0,7.6999998,0.94999999,0.588,13,16,61,23,LPeu,10
26953,1,0,7.6999998,0.94999999,0.588,13,16,61,23,LPeu,70
26961,1,0,7.6999998,0.94999999,0.588,13,16,61,23,LPeu,60
26960,2,0,7.6999998,0.94999999,0.588,13,16,61,23,LPeu,50
26959,1,0,7.6999998,0.94999999,0.588,13,16,61,23,LPeu,60
26958,1,0,7.6999998,0.94999999,0.588,13,16,61,23,LPeu,60
26957,2,0,7.6999998,0.94999999,0.588,13,16,61,23,LPeu,50
26956,1,0,7.6999998,0.94999999,0.588,13,16,61,23,LPeu,40
26954,1,0,7.6999998,0.94999999,0.588,13,16,61,23,LPeu,60
26946,3,0,7.6999998,0.94999999,0.588,13,16,61,23,LPeu,25
16179,1,0,7.6999998,0.94999999,0.588,13,16,61,23,LPeu,100
26955,1,0,7.6999998,0.94999999,0.588,13,16,61,23,LPeu,90
26970,2,0,7.6999998,0.94999999,0.588,13,16,61,23,LPeu,30
26962,2,0,7.6999998,0.94999999,0.588,13,16,61,23,LPeu,20
26969,2,0,7.6999998,0.94999999,0.588,13,16,61,23,LPeu,30
26968,2,0,7.6999998,0.94999999,0.588,13,16,61,23,LPeu,30
26967,2,0,7.6999998,0.94999999,0.588,13,16,61,23,LPeu,30
26971,2,0,7.6999998,0.94999999,0.588,13,16,61,23,LPeu,40
16962,2,0,7.6999998,0.94999999,0.588,13,16,61,23,LPeu,30
16966,2,0,7.6999998,0.94999999,0.588,13,16,61,23,LPeu,10
16993,1,0,7.6999998,0.94999999,0.588,13,16,61,23,LPeu,70
16951,3,0,7.6999998,0.94999999,0.588,13,16,61,23,LPeu,20
17396,1,0,7.6999998,0.94999999,0.588,13,16,61,23,LPeu,100
16659,4,0,7.6999998,0.94999999,0.588,13,16,61,23,LPeu,10
16682,2,0,7.6999998,0.94999999,0.588,13,16,61,23,LPeu,30
16694,2,0,7.6999998,0.94999999,0.588,13,16,61,23,LPeu,30
16704,3,0,7.6999998,0.94999999,0.588,13,16,61,23,LPeu,10
16703,3,0,7.6999998,0.94999999,0.588,13,16,61,23,LPeu,10
16700,3,0,7.6999998,0.94999999,0.588,13,16,61,23,LPeu,10
16639,2,0,7.6999998,0.94999999,0.588,13,16,61,23,LPeu,50
16698,4,0,7.6999998,0.94999999,0.588,13,16,61,23,LPeu,10
16620,1,0,7.6999998,0.94999999,0.588,13,16,61,23,LPeu,50
16630,1,0,7.6999998,0.94999999,0.588,13,16,61,23,LPeu,60
16721,2,0,7.6999998,0.94999999,0.588,13,16,61,23,LPeu,30
16881,1,0,7.6999998,0.94999999,0.588,13,16,61,23,LPeu,100
16708,3,0,7.6999998,0.94999999,0.588,13,16,61,23,LPeu,20
16812,2,0,7.6999998,0.94999999,0.588,13,16,61,23,LPeu,10
16802,3,0,7.6999998,0.94999999,0.588,13,16,61,23,LPeu,10
16728,2,0,7.6999998,0.94999999,0.588,13,16,61,23,LPeu,30
16860,2,0,7.6999998,0.94999999,0.588,13,16,61,23,LPeu,20
16167,2,0,7.6999998,0.94999999,0.588,13,16,61,23,LPeu,50
16177,2,20,7.5999999,0.74000001,0.56700003,12,20,53,27,LPeu,20
26905,2,20,7.5999999,0.74000001,0.56700003,12,20,53,27,LPeu,10
26904,3,20,7.5999999,0.74000001,0.56700003,12,20,53,27,LPeu,20
26902,3,20,7.5999999,0.74000001,0.56700003,12,20,53,27,LPeu,10
26925,2,20,7.5999999,0.74000001,0.56700003,12,20,53,27,LPeu,30
26937,3,20,7.5999999,0.74000001,0.56700003,12,20,53,27,LPeu,20
26933,3,20,7.5999999,0.74000001,0.56700003,12,20,53,27,LPeu,30
26923,3,20,7.5999999,0.74000001,0.56700003,12,20,53,27,LPeu,20
26899,1,20,7.5999999,0.74000001,0.56700003,12,20,53,27,LPeu,80
26900,2,20,7.5999999,0.74000001,0.56700003,12,20,53,27,LPeu,30
26985,2,20,7.5999999,0.74000001,0.56700003,12,20,53,27,LPeu,20
27019,1,20,7.5999999,0.74000001,0.56700003,12,20,53,27,LPeu,100
27005,3,20,7.5999999,0.74000001,0.56700003,12,20,53,27,LPeu,10
27004,2,20,7.5999999,0.74000001,0.56700003,12,20,53,27,LPeu,10
26953,1,20,7.5999999,0.74000001,0.56700003,12,20,53,27,LPeu,70
26961,1,20,7.5999999,0.74000001,0.56700003,12,20,53,27,LPeu,60
26960,2,20,7.5999999,0.74000001,0.56700003,12,20,53,27,LPeu,50
26959,1,20,7.5999999,0.74000001,0.56700003,12,20,53,27,LPeu,60
26958,1,20,7.5999999,0.74000001,0.56700003,12,20,53,27,LPeu,60
26957,2,20,7.5999999,0.74000001,0.56700003,12,20,53,27,LPeu,50
26956,1,20,7.5999999,0.74000001,0.56700003,12,20,53,27,LPeu,40
26954,1,20,7.5999999,0.74000001,0.56700003,12,20,53,27,LPeu,60
26946,3,20,7.5999999,0.74000001,0.56700003,12,20,53,27,LPeu,25
16179,1,20,7.5999999,0.74000001,0.56700003,12,20,53,27,LPeu,100
26955,1,20,7.5999999,0.74000001,0.56700003,12,20,53,27,LPeu,90
26970,2,20,7.5999999,0.74000001,0.56700003,12,20,53,27,LPeu,30
26962,2,20,7.5999999,0.74000001,0.56700003,12,20,53,27,LPeu,20
26969,2,20,7.5999999,0.74000001,0.56700003,12,20,53,27,LPeu,30
26968,2,20,7.5999999,0.74000001,0.56700003,12,20,53,27,LPeu,30
26967,2,20,7.5999999,0.74000001,0.56700003,12,20,53,27,LPeu,30
26971,2,20,7.5999999,0.74000001,0.56700003,12,20,53,27,LPeu,40
16962,2,20,7.5999999,0.74000001,0.56700003,12,20,53,27,LPeu,30
16966,2,20,7.5999999,0.74000001,0.56700003,12,20,53,27,LPeu,10
16993,1,20,7.5999999,0.74000001,0.56700003,12,20,53,27,LPeu,70
16951,3,20,7.5999999,0.74000001,0.56700003,12,20,53,27,LPeu,20
17396,1,20,7.5999999,0.74000001,0.56700003,12,20,53,27,LPeu,100
16659,4,20,7.5999999,0.74000001,0.56700003,12,20,53,27,LPeu,10
16682,2,20,7.5999999,0.74000001,0.56700003,12,20,53,27,LPeu,30
16694,2,20,7.5999999,0.74000001,0.56700003,12,20,53,27,LPeu,30
16704,3,20,7.5999999,0.74000001,0.56700003,12,20,53,27,LPeu,10
16703,3,20,7.5999999,0.74000001,0.56700003,12,20,53,27,LPeu,10
16700,3,20,7.5999999,0.74000001,0.56700003,12,20,53,27,LPeu,10
16639,2,20,7.5999999,0.74000001,0.56700003,12,20,53,27,LPeu,50
16698,4,20,7.5999999,0.74000001,0.56700003,12,20,53,27,LPeu,10
16620,1,20,7.5999999,0.74000001,0.56700003,12,20,53,27,LPeu,50
16630,1,20,7.5999999,0.74000001,0.56700003,12,20,53,27,LPeu,60
16721,2,20,7.5999999,0.74000001,0.56700003,12,20,53,27,LPeu,30
16881,1,20,7.5999999,0.74000001,0.56700003,12,20,53,27,LPeu,100
16708,3,20,7.5999999,0.74000001,0.56700003,12,20,53,27,LPeu,20
16812,2,20,7.5999999,0.74000001,0.56700003,12,20,53,27,LPeu,10
16802,3,20,7.5999999,0.74000001,0.56700003,12,20,53,27,LPeu,10
16728,2,20,7.5999999,0.74000001,0.56700003,12,20,53,27,LPeu,30
16860,2,20,7.5999999,0.74000001,0.56700003,12,20,53,27,LPeu,20
16167,2,20,7.5999999,0.74000001,0.56700003,12,20,53,27,LPeu,50
16177,2,40,-7,-7,-7,-7,-7,-7,-7,LPeu,20
26905,2,40,-7,-7,-7,-7,-7,-7,-7,LPeu,10
26904,3,40,-7,-7,-7,-7,-7,-7,-7,LPeu,20
26902,3,40,-7,-7,-7,-7,-7,-7,-7,LPeu,10
26925,2,40,-7,-7,-7,-7,-7,-7,-7,LPeu,30
26937,3,40,-7,-7,-7,-7,-7,-7,-7,LPeu,20
26933,3,40,-7,-7,-7,-7,-7,-7,-7,LPeu,30
26923,3,40,-7,-7,-7,-7,-7,-7,-7,LPeu,20
26899,1,40,-7,-7,-7,-7,-7,-7,-7,LPeu,80
26900,2,40,-7,-7,-7,-7,-7,-7,-7,LPeu,30
26985,2,40,-7,-7,-7,-7,-7,-7,-7,LPeu,20
27019,1,40,-7,-7,-7,-7,-7,-7,-7,LPeu,100
27005,3,40,-7,-7,-7,-7,-7,-7,-7,LPeu,10
27004,2,40,-7,-7,-7,-7,-7,-7,-7,LPeu,10
26953,1,40,-7,-7,-7,-7,-7,-7,-7,LPeu,70
26961,1,40,-7,-7,-7,-7,-7,-7,-7,LPeu,60
26960,2,40,-7,-7,-7,-7,-7,-7,-7,LPeu,50
26959,1,40,-7,-7,-7,-7,-7,-7,-7,LPeu,60
26958,1,40,-7,-7,-7,-7,-7,-7,-7,LPeu,60
26957,2,40,-7,-7,-7,-7,-7,-7,-7,LPeu,50
26956,1,40,-7,-7,-7,-7,-7,-7,-7,LPeu,40
26954,1,40,-7,-7,-7,-7,-7,-7,-7,LPeu,60
26946,3,40,-7,-7,-7,-7,-7,-7,-7,LPeu,25
16179,1,40,-7,-7,-7,-7,-7,-7,-7,LPeu,100
26955,1,40,-7,-7,-7,-7,-7,-7,-7,LPeu,90
26970,2,40,-7,-7,-7,-7,-7,-7,-7,LPeu,30
26962,2,40,-7,-7,-7,-7,-7,-7,-7,LPeu,20
26969,2,40,-7,-7,-7,-7,-7,-7,-7,LPeu,30
26968,2,40,-7,-7,-7,-7,-7,-7,-7,LPeu,30
26967,2,40,-7,-7,-7,-7,-7,-7,-7,LPeu,30
26971,2,40,-7,-7,-7,-7,-7,-7,-7,LPeu,40
16962,2,40,-7,-7,-7,-7,-7,-7,-7,LPeu,30
16966,2,40,-7,-7,-7,-7,-7,-7,-7,LPeu,10
16993,1,40,-7,-7,-7,-7,-7,-7,-7,LPeu,70
16951,3,40,-7,-7,-7,-7,-7,-7,-7,LPeu,20
17396,1,40,-7,-7,-7,-7,-7,-7,-7,LPeu,100
16659,4,40,-7,-7,-7,-7,-7,-7,-7,LPeu,10
16682,2,40,-7,-7,-7,-7,-7,-7,-7,LPeu,30
16694,2,40,-7,-7,-7,-7,-7,-7,-7,LPeu,30
16704,3,40,-7,-7,-7,-7,-7,-7,-7,LPeu,10
16703,3,40,-7,-7,-7,-7,-7,-7,-7,LPeu,10
16700,3,40,-7,-7,-7,-7,-7,-7,-7,LPeu,10
16639,2,40,-7,-7,-7,-7,-7,-7,-7,LPeu,50
16698,4,40,-7,-7,-7,-7,-7,-7,-7,LPeu,10
16620,1,40,-7,-7,-7,-7,-7,-7,-7,LPeu,50
16630,1,40,-7,-7,-7,-7,-7,-7,-7,LPeu,60
16721,2,40,-7,-7,-7,-7,-7,-7,-7,LPeu,30
16881,1,40,-7,-7,-7,-7,-7,-7,-7,LPeu,100
16708,3,40,-7,-7,-7,-7,-7,-7,-7,LPeu,20
16812,2,40,-7,-7,-7,-7,-7,-7,-7,LPeu,10
16802,3,40,-7,-7,-7,-7,-7,-7,-7,LPeu,10
16728,2,40,-7,-7,-7,-7,-7,-7,-7,LPeu,30
16860,2,40,-7,-7,-7,-7,-7,-7,-7,LPeu,20
16167,2,40,-7,-7,-7,-7,-7,-7,-7,LPeu,50
16177,2,60,-7,-7,-7,-7,-7,-7,-7,LPeu,20
26905,2,60,-7,-7,-7,-7,-7,-7,-7,LPeu,10
26904,3,60,-7,-7,-7,-7,-7,-7,-7,LPeu,20
26902,3,60,-7,-7,-7,-7,-7,-7,-7,LPeu,10
26925,2,60,-7,-7,-7,-7,-7,-7,-7,LPeu,30
26937,3,60,-7,-7,-7,-7,-7,-7,-7,LPeu,20
26933,3,60,-7,-7,-7,-7,-7,-7,-7,LPeu,30
26923,3,60,-7,-7,-7,-7,-7,-7,-7,LPeu,20
26899,1,60,-7,-7,-7,-7,-7,-7,-7,LPeu,80
26900,2,60,-7,-7,-7,-7,-7,-7,-7,LPeu,30
26985,2,60,-7,-7,-7,-7,-7,-7,-7,LPeu,20
27019,1,60,-7,-7,-7,-7,-7,-7,-7,LPeu,100
27005,3,60,-7,-7,-7,-7,-7,-7,-7,LPeu,10
27004,2,60,-7,-7,-7,-7,-7,-7,-7,LPeu,10
26953,1,60,-7,-7,-7,-7,-7,-7,-7,LPeu,70
26961,1,60,-7,-7,-7,-7,-7,-7,-7,LPeu,60
26960,2,60,-7,-7,-7,-7,-7,-7,-7,LPeu,50
26959,1,60,-7,-7,-7,-7,-7,-7,-7,LPeu,60
26958,1,60,-7,-7,-7,-7,-7,-7,-7,LPeu,60
26957,2,60,-7,-7,-7,-7,-7,-7,-7,LPeu,50
26956,1,60,-7,-7,-7,-7,-7,-7,-7,LPeu,40
26954,1,60,-7,-7,-7,-7,-7,-7,-7,LPeu,60
26946,3,60,-7,-7,-7,-7,-7,-7,-7,LPeu,25
16179,1,60,-7,-7,-7,-7,-7,-7,-7,LPeu,100
26955,1,60,-7,-7,-7,-7,-7,-7,-7,LPeu,90
26970,2,60,-7,-7,-7,-7,-7,-7,-7,LPeu,30
26962,2,60,-7,-7,-7,-7,-7,-7,-7,LPeu,20
26969,2,60,-7,-7,-7,-7,-7,-7,-7,LPeu,30
26968,2,60,-7,-7,-7,-7,-7,-7,-7,LPeu,30
26967,2,60,-7,-7,-7,-7,-7,-7,-7,LPeu,30
26971,2,60,-7,-7,-7,-7,-7,-7,-7,LPeu,40
16962,2,60,-7,-7,-7,-7,-7,-7,-7,LPeu,30
16966,2,60,-7,-7,-7,-7,-7,-7,-7,LPeu,10
16993,1,60,-7,-7,-7,-7,-7,-7,-7,LPeu,70
16951,3,60,-7,-7,-7,-7,-7,-7,-7,LPeu,20
17396,1,60,-7,-7,-7,-7,-7,-7,-7,LPeu,100
16659,4,60,-7,-7,-7,-7,-7,-7,-7,LPeu,10
16682,2,60,-7,-7,-7,-7,-7,-7,-7,LPeu,30
16694,2,60,-7,-7,-7,-7,-7,-7,-7,LPeu,30
16704,3,60,-7,-7,-7,-7,-7,-7,-7,LPeu,10
16703,3,60,-7,-7,-7,-7,-7,-7,-7,LPeu,10
16700,3,60,-7,-7,-7,-7,-7,-7,-7,LPeu,10
16639,2,60,-7,-7,-7,-7,-7,-7,-7,LPeu,50
16698,4,60,-7,-7,-7,-7,-7,-7,-7,LPeu,10
16620,1,60,-7,-7,-7,-7,-7,-7,-7,LPeu,50
16630,1,60,-7,-7,-7,-7,-7,-7,-7,LPeu,60
16721,2,60,-7,-7,-7,-7,-7,-7,-7,LPeu,30
16881,1,60,-7,-7,-7,-7,-7,-7,-7,LPeu,100
16708,3,60,-7,-7,-7,-7,-7,-7,-7,LPeu,20
16812,2,60,-7,-7,-7,-7,-7,-7,-7,LPeu,10
16802,3,60,-7,-7,-7,-7,-7,-7,-7,LPeu,10
16728,2,60,-7,-7,-7,-7,-7,-7,-7,LPeu,30
16860,2,60,-7,-7,-7,-7,-7,-7,-7,LPeu,20
16167,2,60,-7,-7,-7,-7,-7,-7,-7,LPeu,50
16177,2,80,-7,-7,-7,-7,-7,-7,-7,LPeu,20
26905,2,80,-7,-7,-7,-7,-7,-7,-7,LPeu,10
26904,3,80,-7,-7,-7,-7,-7,-7,-7,LPeu,20
26902,3,80,-7,-7,-7,-7,-7,-7,-7,LPeu,10
26925,2,80,-7,-7,-7,-7,-7,-7,-7,LPeu,30
26937,3,80,-7,-7,-7,-7,-7,-7,-7,LPeu,20
26933,3,80,-7,-7,-7,-7,-7,-7,-7,LPeu,30
26923,3,80,-7,-7,-7,-7,-7,-7,-7,LPeu,20
26899,1,80,-7,-7,-7,-7,-7,-7,-7,LPeu,80
26900,2,80,-7,-7,-7,-7,-7,-7,-7,LPeu,30
26985,2,80,-7,-7,-7,-7,-7,-7,-7,LPeu,20
27019,1,80,-7,-7,-7,-7,-7,-7,-7,LPeu,100
27005,3,80,-7,-7,-7,-7,-7,-7,-7,LPeu,10
27004,2,80,-7,-7,-7,-7,-7,-7,-7,LPeu,10
26953,1,80,-7,-7,-7,-7,-7,-7,-7,LPeu,70
26961,1,80,-7,-7,-7,-7,-7,-7,-7,LPeu,60
26960,2,80,-7,-7,-7,-7,-7,-7,-7,LPeu,50
26959,1,80,-7,-7,-7,-7,-7,-7,-7,LPeu,60
26958,1,80,-7,-7,-7,-7,-7,-7,-7,LPeu,60
26957,2,80,-7,-7,-7,-7,-7,-7,-7,LPeu,50
26956,1,80,-7,-7,-7,-7,-7,-7,-7,LPeu,40
26954,1,80,-7,-7,-7,-7,-7,-7,-7,LPeu,60
26946,3,80,-7,-7,-7,-7,-7,-7,-7,LPeu,25
16179,1,80,-7,-7,-7,-7,-7,-7,-7,LPeu,100
26955,1,80,-7,-7,-7,-7,-7,-7,-7,LPeu,90
26970,2,80,-7,-7,-7,-7,-7,-7,-7,LPeu,30
26962,2,80,-7,-7,-7,-7,-7,-7,-7,LPeu,20
26969,2,80,-7,-7,-7,-7,-7,-7,-7,LPeu,30
26968,2,80,-7,-7,-7,-7,-7,-7,-7,LPeu,30
26967,2,80,-7,-7,-7,-7,-7,-7,-7,LPeu,30
26971,2,80,-7,-7,-7,-7,-7,-7,-7,LPeu,40
16962,2,80,-7,-7,-7,-7,-7,-7,-7,LPeu,30
16966,2,80,-7,-7,-7,-7,-7,-7,-7,LPeu,10
16993,1,80,-7,-7,-7,-7,-7,-7,-7,LPeu,70
16951,3,80,-7,-7,-7,-7,-7,-7,-7,LPeu,20
17396,1,80,-7,-7,-7,-7,-7,-7,-7,LPeu,100
16659,4,80,-7,-7,-7,-7,-7,-7,-7,LPeu,10
16682,2,80,-7,-7,-7,-7,-7,-7,-7,LPeu,30
16694,2,80,-7,-7,-7,-7,-7,-7,-7,LPeu,30
16704,3,80,-7,-7,-7,-7,-7,-7,-7,LPeu,10
16703,3,80,-7,-7,-7,-7,-7,-7,-7,LPeu,10
16700,3,80,-7,-7,-7,-7,-7,-7,-7,LPeu,10
16639,2,80,-7,-7,-7,-7,-7,-7,-7,LPeu,50
16698,4,80,-7,-7,-7,-7,-7,-7,-7,LPeu,10
16620,1,80,-7,-7,-7,-7,-7,-7,-7,LPeu,50
16630,1,80,-7,-7,-7,-7,-7,-7,-7,LPeu,60
16721,2,80,-7,-7,-7,-7,-7,-7,-7,LPeu,30
16881,1,80,-7,-7,-7,-7,-7,-7,-7,LPeu,100
16708,3,80,-7,-7,-7,-7,-7,-7,-7,LPeu,20
16812,2,80,-7,-7,-7,-7,-7,-7,-7,LPeu,10
16802,3,80,-7,-7,-7,-7,-7,-7,-7,LPeu,10
16728,2,80,-7,-7,-7,-7,-7,-7,-7,LPeu,30
16860,2,80,-7,-7,-7,-7,-7,-7,-7,LPeu,20
16167,2,80,-7,-7,-7,-7,-7,-7,-7,LPeu,50
16177,2,100,-7,-7,-7,-7,-7,-7,-7,LPeu,20
26905,2,100,-7,-7,-7,-7,-7,-7,-7,LPeu,10
26904,3,100,-7,-7,-7,-7,-7,-7,-7,LPeu,20
26902,3,100,-7,-7,-7,-7,-7,-7,-7,LPeu,10
26925,2,100,-7,-7,-7,-7,-7,-7,-7,LPeu,30
26937,3,100,-7,-7,-7,-7,-7,-7,-7,LPeu,20
26933,3,100,-7,-7,-7,-7,-7,-7,-7,LPeu,30
26923,3,100,-7,-7,-7,-7,-7,-7,-7,LPeu,20
26899,1,100,-7,-7,-7,-7,-7,-7,-7,LPeu,80
26900,2,100,-7,-7,-7,-7,-7,-7,-7,LPeu,30
26985,2,100,-7,-7,-7,-7,-7,-7,-7,LPeu,20
27019,1,100,-7,-7,-7,-7,-7,-7,-7,LPeu,100
27005,3,100,-7,-7,-7,-7,-7,-7,-7,LPeu,10
27004,2,100,-7,-7,-7,-7,-7,-7,-7,LPeu,10
26953,1,100,-7,-7,-7,-7,-7,-7,-7,LPeu,70
26961,1,100,-7,-7,-7,-7,-7,-7,-7,LPeu,60
26960,2,100,-7,-7,-7,-7,-7,-7,-7,LPeu,50
26959,1,100,-7,-7,-7,-7,-7,-7,-7,LPeu,60
26958,1,100,-7,-7,-7,-7,-7,-7,-7,LPeu,60
26957,2,100,-7,-7,-7,-7,-7,-7,-7,LPeu,50
26956,1,100,-7,-7,-7,-7,-7,-7,-7,LPeu,40
26954,1,100,-7,-7,-7,-7,-7,-7,-7,LPeu,60
26946,3,100,-7,-7,-7,-7,-7,-7,-7,LPeu,25
16179,1,100,-7,-7,-7,-7,-7,-7,-7,LPeu,100
26955,1,100,-7,-7,-7,-7,-7,-7,-7,LPeu,90
26970,2,100,-7,-7,-7,-7,-7,-7,-7,LPeu,30
26962,2,100,-7,-7,-7,-7,-7,-7,-7,LPeu,20
26969,2,100,-7,-7,-7,-7,-7,-7,-7,LPeu,30
26968,2,100,-7,-7,-7,-7,-7,-7,-7,LPeu,30
26967,2,100,-7,-7,-7,-7,-7,-7,-7,LPeu,30
26971,2,100,-7,-7,-7,-7,-7,-7,-7,LPeu,40
16962,2,100,-7,-7,-7,-7,-7,-7,-7,LPeu,30
16966,2,100,-7,-7,-7,-7,-7,-7,-7,LPeu,10
16993,1,100,-7,-7,-7,-7,-7,-7,-7,LPeu,70
16951,3,100,-7,-7,-7,-7,-7,-7,-7,LPeu,20
17396,1,100,-7,-7,-7,-7,-7,-7,-7,LPeu,100
16659,4,100,-7,-7,-7,-7,-7,-7,-7,LPeu,10
16682,2,100,-7,-7,-7,-7,-7,-7,-7,LPeu,30
16694,2,100,-7,-7,-7,-7,-7,-7,-7,LPeu,30
16704,3,100,-7,-7,-7,-7,-7,-7,-7,LPeu,10
16703,3,100,-7,-7,-7,-7,-7,-7,-7,LPeu,10
16700,3,100,-7,-7,-7,-7,-7,-7,-7,LPeu,10
16639,2,100,-7,-7,-7,-7,-7,-7,-7,LPeu,50
16698,4,100,-7,-7,-7,-7,-7,-7,-7,LPeu,10
16620,1,100,-7,-7,-7,-7,-7,-7,-7,LPeu,50
16630,1,100,-7,-7,-7,-7,-7,-7,-7,LPeu,60
16721,2,100,-7,-7,-7,-7,-7,-7,-7,LPeu,30
16881,1,100,-7,-7,-7,-7,-7,-7,-7,LPeu,100
16708,3,100,-7,-7,-7,-7,-7,-7,-7,LPeu,20
16812,2,100,-7,-7,-7,-7,-7,-7,-7,LPeu,10
16802,3,100,-7,-7,-7,-7,-7,-7,-7,LPeu,10
16728,2,100,-7,-7,-7,-7,-7,-7,-7,LPeu,30
16860,2,100,-7,-7,-7,-7,-7,-7,-7,LPeu,20
16167,2,100,-7,-7,-7,-7,-7,-7,-7,LPeu,50
16177,2,150,-7,-7,-7,-7,-7,-7,-7,LPeu,20
26905,2,150,-7,-7,-7,-7,-7,-7,-7,LPeu,10
26904,3,150,-7,-7,-7,-7,-7,-7,-7,LPeu,20
26902,3,150,-7,-7,-7,-7,-7,-7,-7,LPeu,10
26925,2,150,-7,-7,-7,-7,-7,-7,-7,LPeu,30
26937,3,150,-7,-7,-7,-7,-7,-7,-7,LPeu,20
26933,3,150,-7,-7,-7,-7,-7,-7,-7,LPeu,30
26923,3,150,-7,-7,-7,-7,-7,-7,-7,LPeu,20
26899,1,150,-7,-7,-7,-7,-7,-7,-7,LPeu,80
26900,2,150,-7,-7,-7,-7,-7,-7,-7,LPeu,30
26985,2,150,-7,-7,-7,-7,-7,-7,-7,LPeu,20
27019,1,150,-7,-7,-7,-7,-7,-7,-7,LPeu,100
27005,3,150,-7,-7,-7,-7,-7,-7,-7,LPeu,10
27004,2,150,-7,-7,-7,-7,-7,-7,-7,LPeu,10
26953,1,150,-7,-7,-7,-7,-7,-7,-7,LPeu,70
26961,1,150,-7,-7,-7,-7,-7,-7,-7,LPeu,60
26960,2,150,-7,-7,-7,-7,-7,-7,-7,LPeu,50
26959,1,150,-7,-7,-7,-7,-7,-7,-7,LPeu,60
26958,1,150,-7,-7,-7,-7,-7,-7,-7,LPeu,60
26957,2,150,-7,-7,-7,-7,-7,-7,-7,LPeu,50
26956,1,150,-7,-7,-7,-7,-7,-7,-7,LPeu,40
26954,1,150,-7,-7,-7,-7,-7,-7,-7,LPeu,60
26946,3,150,-7,-7,-7,-7,-7,-7,-7,LPeu,25
16179,1,150,-7,-7,-7,-7,-7,-7,-7,LPeu,100
26955,1,150,-7,-7,-7,-7,-7,-7,-7,LPeu,90
26970,2,150,-7,-7,-7,-7,-7,-7,-7,LPeu,30
26962,2,150,-7,-7,-7,-7,-7,-7,-7,LPeu,20
26969,2,150,-7,-7,-7,-7,-7,-7,-7,LPeu,30
26968,2,150,-7,-7,-7,-7,-7,-7,-7,LPeu,30
26967,2,150,-7,-7,-7,-7,-7,-7,-7,LPeu,30
26971,2,150,-7,-7,-7,-7,-7,-7,-7,LPeu,40
16962,2,150,-7,-7,-7,-7,-7,-7,-7,LPeu,30
16966,2,150,-7,-7,-7,-7,-7,-7,-7,LPeu,10
16993,1,150,-7,-7,-7,-7,-7,-7,-7,LPeu,70
16951,3,150,-7,-7,-7,-7,-7,-7,-7,LPeu,20
17396,1,150,-7,-7,-7,-7,-7,-7,-7,LPeu,100
16659,4,150,-7,-7,-7,-7,-7,-7,-7,LPeu,10
16682,2,150,-7,-7,-7,-7,-7,-7,-7,LPeu,30
16694,2,150,-7,-7,-7,-7,-7,-7,-7,LPeu,30
16704,3,150,-7,-7,-7,-7,-7,-7,-7,LPeu,10
16703,3,150,-7,-7,-7,-7,-7,-7,-7,LPeu,10
16700,3,150,-7,-7,-7,-7,-7,-7,-7,LPeu,10
16639,2,150,-7,-7,-7,-7,-7,-7,-7,LPeu,50
16698,4,150,-7,-7,-7,-7,-7,-7,-7,LPeu,10
16620,1,150,-7,-7,-7,-7,-7,-7,-7,LPeu,50
16630,1,150,-7,-7,-7,-7,-7,-7,-7,LPeu,60
16721,2,150,-7,-7,-7,-7,-7,-7,-7,LPeu,30
16881,1,150,-7,-7,-7,-7,-7,-7,-7,LPeu,100
16708,3,150,-7,-7,-7,-7,-7,-7,-7,LPeu,20
16812,2,150,-7,-7,-7,-7,-7,-7,-7,LPeu,10
16802,3,150,-7,-7,-7,-7,-7,-7,-7,LPeu,10
16728,2,150,-7,-7,-7,-7,-7,-7,-7,LPeu,30
16860,2,150,-7,-7,-7,-7,-7,-7,-7,LPeu,20
16167,2,150,-7,-7,-7,-7,-7,-7,-7,LPeu,50
16638,1,0,6.6999998,1.87,1.597,19,27,41,32,LPeu,50
16806,4,0,6.6999998,1.87,1.597,19,27,41,32,LPeu,20
16642,1,0,6.6999998,1.87,1.597,19,27,41,32,LPeu,80
16641,1,0,6.6999998,1.87,1.597,19,27,41,32,LPeu,50
16634,1,0,6.6999998,1.87,1.597,19,27,41,32,LPeu,80
16638,1,20,6.4000001,1.03,2.4979999,24,42,32,26,LPeu,50
16806,4,20,6.4000001,1.03,2.4979999,24,42,32,26,LPeu,20
16642,1,20,6.4000001,1.03,2.4979999,24,42,32,26,LPeu,80
16641,1,20,6.4000001,1.03,2.4979999,24,42,32,26,LPeu,50
16634,1,20,6.4000001,1.03,2.4979999,24,42,32,26,LPeu,80
16638,1,40,-7,-7,-7,-7,-7,-7,-7,LPeu,50
16806,4,40,-7,-7,-7,-7,-7,-7,-7,LPeu,20
16642,1,40,-7,-7,-7,-7,-7,-7,-7,LPeu,80
16641,1,40,-7,-7,-7,-7,-7,-7,-7,LPeu,50
16634,1,40,-7,-7,-7,-7,-7,-7,-7,LPeu,80
16638,1,60,-7,-7,-7,-7,-7,-7,-7,LPeu,50
16806,4,60,-7,-7,-7,-7,-7,-7,-7,LPeu,20
16642,1,60,-7,-7,-7,-7,-7,-7,-7,LPeu,80
16641,1,60,-7,-7,-7,-7,-7,-7,-7,LPeu,50
16634,1,60,-7,-7,-7,-7,-7,-7,-7,LPeu,80
16638,1,80,-7,-7,-7,-7,-7,-7,-7,LPeu,50
16806,4,80,-7,-7,-7,-7,-7,-7,-7,LPeu,20
16642,1,80,-7,-7,-7,-7,-7,-7,-7,LPeu,80
16641,1,80,-7,-7,-7,-7,-7,-7,-7,LPeu,50
16634,1,80,-7,-7,-7,-7,-7,-7,-7,LPeu,80
16638,1,100,-7,-7,-7,-7,-7,-7,-7,LPeu,50
16806,4,100,-7,-7,-7,-7,-7,-7,-7,LPeu,20
16642,1,100,-7,-7,-7,-7,-7,-7,-7,LPeu,80
16641,1,100,-7,-7,-7,-7,-7,-7,-7,LPeu,50
16634,1,100,-7,-7,-7,-7,-7,-7,-7,LPeu,80
16638,1,150,-7,-7,-7,-7,-7,-7,-7,LPeu,50
16806,4,150,-7,-7,-7,-7,-7,-7,-7,LPeu,20
16642,1,150,-7,-7,-7,-7,-7,-7,-7,LPeu,80
16641,1,150,-7,-7,-7,-7,-7,-7,-7,LPeu,50
16634,1,150,-7,-7,-7,-7,-7,-7,-7,LPeu,80
16713,1,0,8,1.24,1.161,17,24,47,29,LPrz,50
16712,1,0,8,1.24,1.161,17,24,47,29,LPrz,50
16711,1,0,8,1.24,1.161,17,24,47,29,LPrz,70
16713,1,20,8.1000004,0.94999999,0.84399998,12,23,46,31,LPrz,50
16712,1,20,8.1000004,0.94999999,0.84399998,12,23,46,31,LPrz,50
16711,1,20,8.1000004,0.94999999,0.84399998,12,23,46,31,LPrz,70
16713,1,40,-7,-7,-7,-7,-7,-7,-7,LPrz,50
16712,1,40,-7,-7,-7,-7,-7,-7,-7,LPrz,50
16711,1,40,-7,-7,-7,-7,-7,-7,-7,LPrz,70
16713,1,60,-7,-7,-7,-7,-7,-7,-7,LPrz,50
16712,1,60,-7,-7,-7,-7,-7,-7,-7,LPrz,50
16711,1,60,-7,-7,-7,-7,-7,-7,-7,LPrz,70
16713,1,80,-7,-7,-7,-7,-7,-7,-7,LPrz,50
16712,1,80,-7,-7,-7,-7,-7,-7,-7,LPrz,50
16711,1,80,-7,-7,-7,-7,-7,-7,-7,LPrz,70
16713,1,100,-7,-7,-7,-7,-7,-7,-7,LPrz,50
16712,1,100,-7,-7,-7,-7,-7,-7,-7,LPrz,50
16711,1,100,-7,-7,-7,-7,-7,-7,-7,LPrz,70
16713,1,150,-7,-7,-7,-7,-7,-7,-7,LPrz,50
16712,1,150,-7,-7,-7,-7,-7,-7,-7,LPrz,50
16711,1,150,-7,-7,-7,-7,-7,-7,-7,LPrz,70
16810,2,0,6.6999998,1.5,3.1629999,16,20,51,29,LPli,50
16619,5,0,6.6999998,1.5,3.1629999,16,20,51,29,LPli,10
16810,2,20,-7,-7,-7,-7,-7,-7,-7,LPli,50
16619,5,20,-7,-7,-7,-7,-7,-7,-7,LPli,10
16810,2,40,-7,-7,-7,-7,-7,-7,-7,LPli,50
16619,5,40,-7,-7,-7,-7,-7,-7,-7,LPli,10
16810,2,60,-7,-7,-7,-7,-7,-7,-7,LPli,50
16619,5,60,-7,-7,-7,-7,-7,-7,-7,LPli,10
16810,2,80,-7,-7,-7,-7,-7,-7,-7,LPli,50
16619,5,80,-7,-7,-7,-7,-7,-7,-7,LPli,10
16810,2,100,-7,-7,-7,-7,-7,-7,-7,LPli,50
16619,5,100,-7,-7,-7,-7,-7,-7,-7,LPli,10
16810,2,150,-7,-7,-7,-7,-7,-7,-7,LPli,50
16619,5,150,-7,-7,-7,-7,-7,-7,-7,LPli,10
32147,1,0,7.4000001,0.57999998,0.71100003,6,12,66,22,LPli,100
16993,3,0,7.4000001,0.57999998,0.71100003,6,12,66,22,LPli,10
16956,2,0,7.4000001,0.57999998,0.71100003,6,12,66,22,LPli,20
16969,2,0,7.4000001,0.57999998,0.71100003,6,12,66,22,LPli,20
17584,1,0,7.4000001,0.57999998,0.71100003,6,12,66,22,LPli,100
17606,1,0,7.4000001,0.57999998,0.71100003,6,12,66,22,LPli,65
17609,1,0,7.4000001,0.57999998,0.71100003,6,12,66,22,LPli,100
16911,3,0,7.4000001,0.57999998,0.71100003,6,12,66,22,LPli,10
26931,2,0,7.4000001,0.57999998,0.71100003,6,12,66,22,LPli,40
16913,3,0,7.4000001,0.57999998,0.71100003,6,12,66,22,LPli,10
16914,2,0,7.4000001,0.57999998,0.71100003,6,12,66,22,LPli,20
16916,3,0,7.4000001,0.57999998,0.71100003,6,12,66,22,LPli,10
16918,2,0,7.4000001,0.57999998,0.71100003,6,12,66,22,LPli,30
16912,2,0,7.4000001,0.57999998,0.71100003,6,12,66,22,LPli,20
16907,2,0,7.4000001,0.57999998,0.71100003,6,12,66,22,LPli,20
16938,2,0,7.4000001,0.57999998,0.71100003,6,12,66,22,LPli,20
16924,3,0,7.4000001,0.57999998,0.71100003,6,12,66,22,LPli,10
16920,3,0,7.4000001,0.57999998,0.71100003,6,12,66,22,LPli,10
16921,2,0,7.4000001,0.57999998,0.71100003,6,12,66,22,LPli,40
16922,2,0,7.4000001,0.57999998,0.71100003,6,12,66,22,LPli,40
16951,1,0,7.4000001,0.57999998,0.71100003,6,12,66,22,LPli,30
16925,2,0,7.4000001,0.57999998,0.71100003,6,12,66,22,LPli,20
16927,3,0,7.4000001,0.57999998,0.71100003,6,12,66,22,LPli,20
16713,2,0,7.4000001,0.57999998,0.71100003,6,12,66,22,LPli,40
16167,1,0,7.4000001,0.57999998,0.71100003,6,12,66,22,LPli,50
16178,2,0,7.4000001,0.57999998,0.71100003,6,12,66,22,LPli,20
16170,1,0,7.4000001,0.57999998,0.71100003,6,12,66,22,LPli,60
16177,1,0,7.4000001,0.57999998,0.71100003,6,12,66,22,LPli,80
16176,1,0,7.4000001,0.57999998,0.71100003,6,12,66,22,LPli,100
16171,1,0,7.4000001,0.57999998,0.71100003,6,12,66,22,LPli,70
16694,1,0,7.4000001,0.57999998,0.71100003,6,12,66,22,LPli,70
16682,1,0,7.4000001,0.57999998,0.71100003,6,12,66,22,LPli,50
16701,1,0,7.4000001,0.57999998,0.71100003,6,12,66,22,LPli,60
16705,1,0,7.4000001,0.57999998,0.71100003,6,12,66,22,LPli,70
16704,1,0,7.4000001,0.57999998,0.71100003,6,12,66,22,LPli,70
16703,1,0,7.4000001,0.57999998,0.71100003,6,12,66,22,LPli,70
16698,1,0,7.4000001,0.57999998,0.71100003,6,12,66,22,LPli,60
16700,1,0,7.4000001,0.57999998,0.71100003,6,12,66,22,LPli,70
16699,1,0,7.4000001,0.57999998,0.71100003,6,12,66,22,LPli,60
16680,1,0,7.4000001,0.57999998,0.71100003,6,12,66,22,LPli,60
16659,1,0,7.4000001,0.57999998,0.71100003,6,12,66,22,LPli,50
16658,1,0,7.4000001,0.57999998,0.71100003,6,12,66,22,LPli,60
16657,1,0,7.4000001,0.57999998,0.71100003,6,12,66,22,LPli,50
16660,1,0,7.4000001,0.57999998,0.71100003,6,12,66,22,LPli,50
16708,1,0,7.4000001,0.57999998,0.71100003,6,12,66,22,LPli,50
16678,1,0,7.4000001,0.57999998,0.71100003,6,12,66,22,LPli,50
16672,1,0,7.4000001,0.57999998,0.71100003,6,12,66,22,LPli,50
16677,1,0,7.4000001,0.57999998,0.71100003,6,12,66,22,LPli,70
16859,3,0,7.4000001,0.57999998,0.71100003,6,12,66,22,LPli,20
16858,1,0,7.4000001,0.57999998,0.71100003,6,12,66,22,LPli,60
16860,3,0,7.4000001,0.57999998,0.71100003,6,12,66,22,LPli,10
16827,3,0,7.4000001,0.57999998,0.71100003,6,12,66,22,LPli,20
16826,3,0,7.4000001,0.57999998,0.71100003,6,12,66,22,LPli,20
16707,1,0,7.4000001,0.57999998,0.71100003,6,12,66,22,LPli,60
16857,2,0,7.4000001,0.57999998,0.71100003,6,12,66,22,LPli,20
16877,2,0,7.4000001,0.57999998,0.71100003,6,12,66,22,LPli,20
16863,1,0,7.4000001,0.57999998,0.71100003,6,12,66,22,LPli,50
16883,1,0,7.4000001,0.57999998,0.71100003,6,12,66,22,LPli,80
16712,2,0,7.4000001,0.57999998,0.71100003,6,12,66,22,LPli,40
16720,2,0,7.4000001,0.57999998,0.71100003,6,12,66,22,LPli,10
16719,3,0,7.4000001,0.57999998,0.71100003,6,12,66,22,LPli,10
16710,1,0,7.4000001,0.57999998,0.71100003,6,12,66,22,LPli,60
16709,1,0,7.4000001,0.57999998,0.71100003,6,12,66,22,LPli,60
16651,1,0,7.4000001,0.57999998,0.71100003,6,12,66,22,LPli,100
16813,3,0,7.4000001,0.57999998,0.71100003,6,12,66,22,LPli,20
16818,2,0,7.4000001,0.57999998,0.71100003,6,12,66,22,LPli,10
16817,2,0,7.4000001,0.57999998,0.71100003,6,12,66,22,LPli,10
16816,2,0,7.4000001,0.57999998,0.71100003,6,12,66,22,LPli,10
16802,2,0,7.4000001,0.57999998,0.71100003,6,12,66,22,LPli,10
16814,3,0,7.4000001,0.57999998,0.71100003,6,12,66,22,LPli,20
16620,3,0,7.4000001,0.57999998,0.71100003,6,12,66,22,LPli,10
16645,1,0,7.4000001,0.57999998,0.71100003,6,12,66,22,LPli,100
16643,1,0,7.4000001,0.57999998,0.71100003,6,12,66,22,LPli,100
16639,1,0,7.4000001,0.57999998,0.71100003,6,12,66,22,LPli,50
16647,1,0,7.4000001,0.57999998,0.71100003,6,12,66,22,LPli,90
16652,1,0,7.4000001,0.57999998,0.71100003,6,12,66,22,LPli,90
26962,1,0,7.4000001,0.57999998,0.71100003,6,12,66,22,LPli,80
26963,1,0,7.4000001,0.57999998,0.71100003,6,12,66,22,LPli,60
26965,1,0,7.4000001,0.57999998,0.71100003,6,12,66,22,LPli,60
26933,2,0,7.4000001,0.57999998,0.71100003,6,12,66,22,LPli,30
26964,1,0,7.4000001,0.57999998,0.71100003,6,12,66,22,LPli,60
26961,2,0,7.4000001,0.57999998,0.71100003,6,12,66,22,LPli,40
26902,1,0,7.4000001,0.57999998,0.71100003,6,12,66,22,LPli,70
26953,2,0,7.4000001,0.57999998,0.71100003,6,12,66,22,LPli,30
26901,1,0,7.4000001,0.57999998,0.71100003,6,12,66,22,LPli,60
26903,1,0,7.4000001,0.57999998,0.71100003,6,12,66,22,LPli,70
26900,1,0,7.4000001,0.57999998,0.71100003,6,12,66,22,LPli,50
26899,2,0,7.4000001,0.57999998,0.71100003,6,12,66,22,LPli,20
26954,2,0,7.4000001,0.57999998,0.71100003,6,12,66,22,LPli,20
26907,2,0,7.4000001,0.57999998,0.71100003,6,12,66,22,LPli,10
26906,3,0,7.4000001,0.57999998,0.71100003,6,12,66,22,LPli,20
26946,2,0,7.4000001,0.57999998,0.71100003,6,12,66,22,LPli,25
26904,1,0,7.4000001,0.57999998,0.71100003,6,12,66,22,LPli,50
26958,2,0,7.4000001,0.57999998,0.71100003,6,12,66,22,LPli,40
26960,1,0,7.4000001,0.57999998,0.71100003,6,12,66,22,LPli,50
26959,2,0,7.4000001,0.57999998,0.71100003,6,12,66,22,LPli,20
26955,2,0,7.4000001,0.57999998,0.71100003,6,12,66,22,LPli,10
26956,4,0,7.4000001,0.57999998,0.71100003,6,12,66,22,LPli,10
26957,1,0,7.4000001,0.57999998,0.71100003,6,12,66,22,LPli,50
26971,1,0,7.4000001,0.57999998,0.71100003,6,12,66,22,LPli,60
27035,2,0,7.4000001,0.57999998,0.71100003,6,12,66,22,LPli,20
26970,1,0,7.4000001,0.57999998,0.71100003,6,12,66,22,LPli,70
26969,1,0,7.4000001,0.57999998,0.71100003,6,12,66,22,LPli,70
26985,3,0,7.4000001,0.57999998,0.71100003,6,12,66,22,LPli,10
27030,2,0,7.4000001,0.57999998,0.71100003,6,12,66,22,LPli,20
27023,1,0,7.4000001,0.57999998,0.71100003,6,12,66,22,LPli,60
27022,1,0,7.4000001,0.57999998,0.71100003,6,12,66,22,LPli,80
27021,1,0,7.4000001,0.57999998,0.71100003,6,12,66,22,LPli,100
27008,1,0,7.4000001,0.57999998,0.71100003,6,12,66,22,LPli,100
27020,1,0,7.4000001,0.57999998,0.71100003,6,12,66,22,LPli,100
27014,2,0,7.4000001,0.57999998,0.71100003,6,12,66,22,LPli,20
27013,2,0,7.4000001,0.57999998,0.71100003,6,12,66,22,LPli,20
26966,1,0,7.4000001,0.57999998,0.71100003,6,12,66,22,LPli,50
26968,1,0,7.4000001,0.57999998,0.71100003,6,12,66,22,LPli,60
26967,1,0,7.4000001,0.57999998,0.71100003,6,12,66,22,LPli,70
26937,2,0,7.4000001,0.57999998,0.71100003,6,12,66,22,LPli,20
26941,3,0,7.4000001,0.57999998,0.71100003,6,12,66,22,LPli,20
26938,2,0,7.4000001,0.57999998,0.71100003,6,12,66,22,LPli,10
26922,2,0,7.4000001,0.57999998,0.71100003,6,12,66,22,LPli,20
26923,2,0,7.4000001,0.57999998,0.71100003,6,12,66,22,LPli,20
26944,2,0,7.4000001,0.57999998,0.71100003,6,12,66,22,LPli,20
26925,3,0,7.4000001,0.57999998,0.71100003,6,12,66,22,LPli,10
26908,2,0,7.4000001,0.57999998,0.71100003,6,12,66,22,LPli,10
26929,2,0,7.4000001,0.57999998,0.71100003,6,12,66,22,LPli,20
32147,1,20,-7,-7,-7,-7,-7,-7,-7,LPli,100
16993,3,20,-7,-7,-7,-7,-7,-7,-7,LPli,10
16956,2,20,-7,-7,-7,-7,-7,-7,-7,LPli,20
16969,2,20,-7,-7,-7,-7,-7,-7,-7,LPli,20
17584,1,20,-7,-7,-7,-7,-7,-7,-7,LPli,100
17606,1,20,-7,-7,-7,-7,-7,-7,-7,LPli,65
17609,1,20,-7,-7,-7,-7,-7,-7,-7,LPli,100
16911,3,20,-7,-7,-7,-7,-7,-7,-7,LPli,10
26931,2,20,-7,-7,-7,-7,-7,-7,-7,LPli,40
16913,3,20,-7,-7,-7,-7,-7,-7,-7,LPli,10
16914,2,20,-7,-7,-7,-7,-7,-7,-7,LPli,20
16916,3,20,-7,-7,-7,-7,-7,-7,-7,LPli,10
16918,2,20,-7,-7,-7,-7,-7,-7,-7,LPli,30
16912,2,20,-7,-7,-7,-7,-7,-7,-7,LPli,20
16907,2,20,-7,-7,-7,-7,-7,-7,-7,LPli,20
16938,2,20,-7,-7,-7,-7,-7,-7,-7,LPli,20
16924,3,20,-7,-7,-7,-7,-7,-7,-7,LPli,10
16920,3,20,-7,-7,-7,-7,-7,-7,-7,LPli,10
16921,2,20,-7,-7,-7,-7,-7,-7,-7,LPli,40
16922,2,20,-7,-7,-7,-7,-7,-7,-7,LPli,40
16951,1,20,-7,-7,-7,-7,-7,-7,-7,LPli,30
16925,2,20,-7,-7,-7,-7,-7,-7,-7,LPli,20
16927,3,20,-7,-7,-7,-7,-7,-7,-7,LPli,20
16713,2,20,-7,-7,-7,-7,-7,-7,-7,LPli,40
16167,1,20,-7,-7,-7,-7,-7,-7,-7,LPli,50
16178,2,20,-7,-7,-7,-7,-7,-7,-7,LPli,20
16170,1,20,-7,-7,-7,-7,-7,-7,-7,LPli,60
16177,1,20,-7,-7,-7,-7,-7,-7,-7,LPli,80
16176,1,20,-7,-7,-7,-7,-7,-7,-7,LPli,100
16171,1,20,-7,-7,-7,-7,-7,-7,-7,LPli,70
16694,1,20,-7,-7,-7,-7,-7,-7,-7,LPli,70
16682,1,20,-7,-7,-7,-7,-7,-7,-7,LPli,50
16701,1,20,-7,-7,-7,-7,-7,-7,-7,LPli,60
16705,1,20,-7,-7,-7,-7,-7,-7,-7,LPli,70
16704,1,20,-7,-7,-7,-7,-7,-7,-7,LPli,70
16703,1,20,-7,-7,-7,-7,-7,-7,-7,LPli,70
16698,1,20,-7,-7,-7,-7,-7,-7,-7,LPli,60
16700,1,20,-7,-7,-7,-7,-7,-7,-7,LPli,70
16699,1,20,-7,-7,-7,-7,-7,-7,-7,LPli,60
16680,1,20,-7,-7,-7,-7,-7,-7,-7,LPli,60
16659,1,20,-7,-7,-7,-7,-7,-7,-7,LPli,50
16658,1,20,-7,-7,-7,-7,-7,-7,-7,LPli,60
16657,1,20,-7,-7,-7,-7,-7,-7,-7,LPli,50
16660,1,20,-7,-7,-7,-7,-7,-7,-7,LPli,50
16708,1,20,-7,-7,-7,-7,-7,-7,-7,LPli,50
16678,1,20,-7,-7,-7,-7,-7,-7,-7,LPli,50
16672,1,20,-7,-7,-7,-7,-7,-7,-7,LPli,50
16677,1,20,-7,-7,-7,-7,-7,-7,-7,LPli,70
16859,3,20,-7,-7,-7,-7,-7,-7,-7,LPli,20
16858,1,20,-7,-7,-7,-7,-7,-7,-7,LPli,60
16860,3,20,-7,-7,-7,-7,-7,-7,-7,LPli,10
16827,3,20,-7,-7,-7,-7,-7,-7,-7,LPli,20
16826,3,20,-7,-7,-7,-7,-7,-7,-7,LPli,20
16707,1,20,-7,-7,-7,-7,-7,-7,-7,LPli,60
16857,2,20,-7,-7,-7,-7,-7,-7,-7,LPli,20
16877,2,20,-7,-7,-7,-7,-7,-7,-7,LPli,20
16863,1,20,-7,-7,-7,-7,-7,-7,-7,LPli,50
16883,1,20,-7,-7,-7,-7,-7,-7,-7,LPli,80
16712,2,20,-7,-7,-7,-7,-7,-7,-7,LPli,40
16720,2,20,-7,-7,-7,-7,-7,-7,-7,LPli,10
16719,3,20,-7,-7,-7,-7,-7,-7,-7,LPli,10
16710,1,20,-7,-7,-7,-7,-7,-7,-7,LPli,60
16709,1,20,-7,-7,-7,-7,-7,-7,-7,LPli,60
16651,1,20,-7,-7,-7,-7,-7,-7,-7,LPli,100
16813,3,20,-7,-7,-7,-7,-7,-7,-7,LPli,20
16818,2,20,-7,-7,-7,-7,-7,-7,-7,LPli,10
16817,2,20,-7,-7,-7,-7,-7,-7,-7,LPli,10
16816,2,20,-7,-7,-7,-7,-7,-7,-7,LPli,10
16802,2,20,-7,-7,-7,-7,-7,-7,-7,LPli,10
16814,3,20,-7,-7,-7,-7,-7,-7,-7,LPli,20
16620,3,20,-7,-7,-7,-7,-7,-7,-7,LPli,10
16645,1,20,-7,-7,-7,-7,-7,-7,-7,LPli,100
16643,1,20,-7,-7,-7,-7,-7,-7,-7,LPli,100
16639,1,20,-7,-7,-7,-7,-7,-7,-7,LPli,50
16647,1,20,-7,-7,-7,-7,-7,-7,-7,LPli,90
16652,1,20,-7,-7,-7,-7,-7,-7,-7,LPli,90
26962,1,20,-7,-7,-7,-7,-7,-7,-7,LPli,80
26963,1,20,-7,-7,-7,-7,-7,-7,-7,LPli,60
26965,1,20,-7,-7,-7,-7,-7,-7,-7,LPli,60
26933,2,20,-7,-7,-7,-7,-7,-7,-7,LPli,30
26964,1,20,-7,-7,-7,-7,-7,-7,-7,LPli,60
26961,2,20,-7,-7,-7,-7,-7,-7,-7,LPli,40
26902,1,20,-7,-7,-7,-7,-7,-7,-7,LPli,70
26953,2,20,-7,-7,-7,-7,-7,-7,-7,LPli,30
26901,1,20,-7,-7,-7,-7,-7,-7,-7,LPli,60
26903,1,20,-7,-7,-7,-7,-7,-7,-7,LPli,70
26900,1,20,-7,-7,-7,-7,-7,-7,-7,LPli,50
26899,2,20,-7,-7,-7,-7,-7,-7,-7,LPli,20
26954,2,20,-7,-7,-7,-7,-7,-7,-7,LPli,20
26907,2,20,-7,-7,-7,-7,-7,-7,-7,LPli,10
26906,3,20,-7,-7,-7,-7,-7,-7,-7,LPli,20
26946,2,20,-7,-7,-7,-7,-7,-7,-7,LPli,25
26904,1,20,-7,-7,-7,-7,-7,-7,-7,LPli,50
26958,2,20,-7,-7,-7,-7,-7,-7,-7,LPli,40
26960,1,20,-7,-7,-7,-7,-7,-7,-7,LPli,50
26959,2,20,-7,-7,-7,-7,-7,-7,-7,LPli,20
26955,2,20,-7,-7,-7,-7,-7,-7,-7,LPli,10
26956,4,20,-7,-7,-7,-7,-7,-7,-7,LPli,10
26957,1,20,-7,-7,-7,-7,-7,-7,-7,LPli,50
26971,1,20,-7,-7,-7,-7,-7,-7,-7,LPli,60
27035,2,20,-7,-7,-7,-7,-7,-7,-7,LPli,20
26970,1,20,-7,-7,-7,-7,-7,-7,-7,LPli,70
26969,1,20,-7,-7,-7,-7,-7,-7,-7,LPli,70
26985,3,20,-7,-7,-7,-7,-7,-7,-7,LPli,10
27030,2,20,-7,-7,-7,-7,-7,-7,-7,LPli,20
27023,1,20,-7,-7,-7,-7,-7,-7,-7,LPli,60
27022,1,20,-7,-7,-7,-7,-7,-7,-7,LPli,80
27021,1,20,-7,-7,-7,-7,-7,-7,-7,LPli,100
27008,1,20,-7,-7,-7,-7,-7,-7,-7,LPli,100
27020,1,20,-7,-7,-7,-7,-7,-7,-7,LPli,100
27014,2,20,-7,-7,-7,-7,-7,-7,-7,LPli,20
27013,2,20,-7,-7,-7,-7,-7,-7,-7,LPli,20
26966,1,20,-7,-7,-7,-7,-7,-7,-7,LPli,50
26968,1,20,-7,-7,-7,-7,-7,-7,-7,LPli,60
26967,1,20,-7,-7,-7,-7,-7,-7,-7,LPli,70
26937,2,20,-7,-7,-7,-7,-7,-7,-7,LPli,20
26941,3,20,-7,-7,-7,-7,-7,-7,-7,LPli,20
26938,2,20,-7,-7,-7,-7,-7,-7,-7,LPli,10
26922,2,20,-7,-7,-7,-7,-7,-7,-7,LPli,20
26923,2,20,-7,-7,-7,-7,-7,-7,-7,LPli,20
26944,2,20,-7,-7,-7,-7,-7,-7,-7,LPli,20
26925,3,20,-7,-7,-7,-7,-7,-7,-7,LPli,10
26908,2,20,-7,-7,-7,-7,-7,-7,-7,LPli,10
26929,2,20,-7,-7,-7,-7,-7,-7,-7,LPli,20
32147,1,40,-7,-7,-7,-7,-7,-7,-7,LPli,100
16993,3,40,-7,-7,-7,-7,-7,-7,-7,LPli,10
16956,2,40,-7,-7,-7,-7,-7,-7,-7,LPli,20
16969,2,40,-7,-7,-7,-7,-7,-7,-7,LPli,20
17584,1,40,-7,-7,-7,-7,-7,-7,-7,LPli,100
17606,1,40,-7,-7,-7,-7,-7,-7,-7,LPli,65
17609,1,40,-7,-7,-7,-7,-7,-7,-7,LPli,100
16911,3,40,-7,-7,-7,-7,-7,-7,-7,LPli,10
26931,2,40,-7,-7,-7,-7,-7,-7,-7,LPli,40
16913,3,40,-7,-7,-7,-7,-7,-7,-7,LPli,10
16914,2,40,-7,-7,-7,-7,-7,-7,-7,LPli,20
16916,3,40,-7,-7,-7,-7,-7,-7,-7,LPli,10
16918,2,40,-7,-7,-7,-7,-7,-7,-7,LPli,30
16912,2,40,-7,-7,-7,-7,-7,-7,-7,LPli,20
16907,2,40,-7,-7,-7,-7,-7,-7,-7,LPli,20
16938,2,40,-7,-7,-7,-7,-7,-7,-7,LPli,20
16924,3,40,-7,-7,-7,-7,-7,-7,-7,LPli,10
16920,3,40,-7,-7,-7,-7,-7,-7,-7,LPli,10
16921,2,40,-7,-7,-7,-7,-7,-7,-7,LPli,40
16922,2,40,-7,-7,-7,-7,-7,-7,-7,LPli,40
16951,1,40,-7,-7,-7,-7,-7,-7,-7,LPli,30
16925,2,40,-7,-7,-7,-7,-7,-7,-7,LPli,20
16927,3,40,-7,-7,-7,-7,-7,-7,-7,LPli,20
16713,2,40,-7,-7,-7,-7,-7,-7,-7,LPli,40
16167,1,40,-7,-7,-7,-7,-7,-7,-7,LPli,50
16178,2,40,-7,-7,-7,-7,-7,-7,-7,LPli,20
16170,1,40,-7,-7,-7,-7,-7,-7,-7,LPli,60
16177,1,40,-7,-7,-7,-7,-7,-7,-7,LPli,80
16176,1,40,-7,-7,-7,-7,-7,-7,-7,LPli,100
16171,1,40,-7,-7,-7,-7,-7,-7,-7,LPli,70
16694,1,40,-7,-7,-7,-7,-7,-7,-7,LPli,70
16682,1,40,-7,-7,-7,-7,-7,-7,-7,LPli,50
16701,1,40,-7,-7,-7,-7,-7,-7,-7,LPli,60
16705,1,40,-7,-7,-7,-7,-7,-7,-7,LPli,70
16704,1,40,-7,-7,-7,-7,-7,-7,-7,LPli,70
16703,1,40,-7,-7,-7,-7,-7,-7,-7,LPli,70
16698,1,40,-7,-7,-7,-7,-7,-7,-7,LPli,60
16700,1,40,-7,-7,-7,-7,-7,-7,-7,LPli,70
16699,1,40,-7,-7,-7,-7,-7,-7,-7,LPli,60
16680,1,40,-7,-7,-7,-7,-7,-7,-7,LPli,60
16659,1,40,-7,-7,-7,-7,-7,-7,-7,LPli,50
16658,1,40,-7,-7,-7,-7,-7,-7,-7,LPli,60
16657,1,40,-7,-7,-7,-7,-7,-7,-7,LPli,50
16660,1,40,-7,-7,-7,-7,-7,-7,-7,LPli,50
16708,1,40,-7,-7,-7,-7,-7,-7,-7,LPli,50
16678,1,40,-7,-7,-7,-7,-7,-7,-7,LPli,50
16672,1,40,-7,-7,-7,-7,-7,-7,-7,LPli,50
16677,1,40,-7,-7,-7,-7,-7,-7,-7,LPli,70
16859,3,40,-7,-7,-7,-7,-7,-7,-7,LPli,20
16858,1,40,-7,-7,-7,-7,-7,-7,-7,LPli,60
16860,3,40,-7,-7,-7,-7,-7,-7,-7,LPli,10
16827,3,40,-7,-7,-7,-7,-7,-7,-7,LPli,20
16826,3,40,-7,-7,-7,-7,-7,-7,-7,LPli,20
16707,1,40,-7,-7,-7,-7,-7,-7,-7,LPli,60
16857,2,40,-7,-7,-7,-7,-7,-7,-7,LPli,20
16877,2,40,-7,-7,-7,-7,-7,-7,-7,LPli,20
16863,1,40,-7,-7,-7,-7,-7,-7,-7,LPli,50
16883,1,40,-7,-7,-7,-7,-7,-7,-7,LPli,80
16712,2,40,-7,-7,-7,-7,-7,-7,-7,LPli,40
16720,2,40,-7,-7,-7,-7,-7,-7,-7,LPli,10
16719,3,40,-7,-7,-7,-7,-7,-7,-7,LPli,10
16710,1,40,-7,-7,-7,-7,-7,-7,-7,LPli,60
16709,1,40,-7,-7,-7,-7,-7,-7,-7,LPli,60
16651,1,40,-7,-7,-7,-7,-7,-7,-7,LPli,100
16813,3,40,-7,-7,-7,-7,-7,-7,-7,LPli,20
16818,2,40,-7,-7,-7,-7,-7,-7,-7,LPli,10
16817,2,40,-7,-7,-7,-7,-7,-7,-7,LPli,10
16816,2,40,-7,-7,-7,-7,-7,-7,-7,LPli,10
16802,2,40,-7,-7,-7,-7,-7,-7,-7,LPli,10
16814,3,40,-7,-7,-7,-7,-7,-7,-7,LPli,20
16620,3,40,-7,-7,-7,-7,-7,-7,-7,LPli,10
16645,1,40,-7,-7,-7,-7,-7,-7,-7,LPli,100
16643,1,40,-7,-7,-7,-7,-7,-7,-7,LPli,100
16639,1,40,-7,-7,-7,-7,-7,-7,-7,LPli,50
16647,1,40,-7,-7,-7,-7,-7,-7,-7,LPli,90
16652,1,40,-7,-7,-7,-7,-7,-7,-7,LPli,90
26962,1,40,-7,-7,-7,-7,-7,-7,-7,LPli,80
26963,1,40,-7,-7,-7,-7,-7,-7,-7,LPli,60
26965,1,40,-7,-7,-7,-7,-7,-7,-7,LPli,60
26933,2,40,-7,-7,-7,-7,-7,-7,-7,LPli,30
26964,1,40,-7,-7,-7,-7,-7,-7,-7,LPli,60
26961,2,40,-7,-7,-7,-7,-7,-7,-7,LPli,40
26902,1,40,-7,-7,-7,-7,-7,-7,-7,LPli,70
26953,2,40,-7,-7,-7,-7,-7,-7,-7,LPli,30
26901,1,40,-7,-7,-7,-7,-7,-7,-7,LPli,60
26903,1,40,-7,-7,-7,-7,-7,-7,-7,LPli,70
26900,1,40,-7,-7,-7,-7,-7,-7,-7,LPli,50
26899,2,40,-7,-7,-7,-7,-7,-7,-7,LPli,20
26954,2,40,-7,-7,-7,-7,-7,-7,-7,LPli,20
26907,2,40,-7,-7,-7,-7,-7,-7,-7,LPli,10
26906,3,40,-7,-7,-7,-7,-7,-7,-7,LPli,20
26946,2,40,-7,-7,-7,-7,-7,-7,-7,LPli,25
26904,1,40,-7,-7,-7,-7,-7,-7,-7,LPli,50
26958,2,40,-7,-7,-7,-7,-7,-7,-7,LPli,40
26960,1,40,-7,-7,-7,-7,-7,-7,-7,LPli,50
26959,2,40,-7,-7,-7,-7,-7,-7,-7,LPli,20
26955,2,40,-7,-7,-7,-7,-7,-7,-7,LPli,10
26956,4,40,-7,-7,-7,-7,-7,-7,-7,LPli,10
26957,1,40,-7,-7,-7,-7,-7,-7,-7,LPli,50
26971,1,40,-7,-7,-7,-7,-7,-7,-7,LPli,60
27035,2,40,-7,-7,-7,-7,-7,-7,-7,LPli,20
26970,1,40,-7,-7,-7,-7,-7,-7,-7,LPli,70
26969,1,40,-7,-7,-7,-7,-7,-7,-7,LPli,70
26985,3,40,-7,-7,-7,-7,-7,-7,-7,LPli,10
27030,2,40,-7,-7,-7,-7,-7,-7,-7,LPli,20
27023,1,40,-7,-7,-7,-7,-7,-7,-7,LPli,60
27022,1,40,-7,-7,-7,-7,-7,-7,-7,LPli,80
27021,1,40,-7,-7,-7,-7,-7,-7,-7,LPli,100
27008,1,40,-7,-7,-7,-7,-7,-7,-7,LPli,100
27020,1,40,-7,-7,-7,-7,-7,-7,-7,LPli,100
27014,2,40,-7,-7,-7,-7,-7,-7,-7,LPli,20
27013,2,40,-7,-7,-7,-7,-7,-7,-7,LPli,20
26966,1,40,-7,-7,-7,-7,-7,-7,-7,LPli,50
26968,1,40,-7,-7,-7,-7,-7,-7,-7,LPli,60
26967,1,40,-7,-7,-7,-7,-7,-7,-7,LPli,70
26937,2,40,-7,-7,-7,-7,-7,-7,-7,LPli,20
26941,3,40,-7,-7,-7,-7,-7,-7,-7,LPli,20
26938,2,40,-7,-7,-7,-7,-7,-7,-7,LPli,10
26922,2,40,-7,-7,-7,-7,-7,-7,-7,LPli,20
26923,2,40,-7,-7,-7,-7,-7,-7,-7,LPli,20
26944,2,40,-7,-7,-7,-7,-7,-7,-7,LPli,20
26925,3,40,-7,-7,-7,-7,-7,-7,-7,LPli,10
26908,2,40,-7,-7,-7,-7,-7,-7,-7,LPli,10
26929,2,40,-7,-7,-7,-7,-7,-7,-7,LPli,20
32147,1,60,-7,-7,-7,-7,-7,-7,-7,LPli,100
16993,3,60,-7,-7,-7,-7,-7,-7,-7,LPli,10
16956,2,60,-7,-7,-7,-7,-7,-7,-7,LPli,20
16969,2,60,-7,-7,-7,-7,-7,-7,-7,LPli,20
17584,1,60,-7,-7,-7,-7,-7,-7,-7,LPli,100
17606,1,60,-7,-7,-7,-7,-7,-7,-7,LPli,65
17609,1,60,-7,-7,-7,-7,-7,-7,-7,LPli,100
16911,3,60,-7,-7,-7,-7,-7,-7,-7,LPli,10
26931,2,60,-7,-7,-7,-7,-7,-7,-7,LPli,40
16913,3,60,-7,-7,-7,-7,-7,-7,-7,LPli,10
16914,2,60,-7,-7,-7,-7,-7,-7,-7,LPli,20
16916,3,60,-7,-7,-7,-7,-7,-7,-7,LPli,10
16918,2,60,-7,-7,-7,-7,-7,-7,-7,LPli,30
16912,2,60,-7,-7,-7,-7,-7,-7,-7,LPli,20
16907,2,60,-7,-7,-7,-7,-7,-7,-7,LPli,20
16938,2,60,-7,-7,-7,-7,-7,-7,-7,LPli,20
16924,3,60,-7,-7,-7,-7,-7,-7,-7,LPli,10
16920,3,60,-7,-7,-7,-7,-7,-7,-7,LPli,10
16921,2,60,-7,-7,-7,-7,-7,-7,-7,LPli,40
16922,2,60,-7,-7,-7,-7,-7,-7,-7,LPli,40
16951,1,60,-7,-7,-7,-7,-7,-7,-7,LPli,30
16925,2,60,-7,-7,-7,-7,-7,-7,-7,LPli,20
16927,3,60,-7,-7,-7,-7,-7,-7,-7,LPli,20
16713,2,60,-7,-7,-7,-7,-7,-7,-7,LPli,40
16167,1,60,-7,-7,-7,-7,-7,-7,-7,LPli,50
16178,2,60,-7,-7,-7,-7,-7,-7,-7,LPli,20
16170,1,60,-7,-7,-7,-7,-7,-7,-7,LPli,60
16177,1,60,-7,-7,-7,-7,-7,-7,-7,LPli,80
16176,1,60,-7,-7,-7,-7,-7,-7,-7,LPli,100
16171,1,60,-7,-7,-7,-7,-7,-7,-7,LPli,70
16694,1,60,-7,-7,-7,-7,-7,-7,-7,LPli,70
16682,1,60,-7,-7,-7,-7,-7,-7,-7,LPli,50
16701,1,60,-7,-7,-7,-7,-7,-7,-7,LPli,60
16705,1,60,-7,-7,-7,-7,-7,-7,-7,LPli,70
16704,1,60,-7,-7,-7,-7,-7,-7,-7,LPli,70
16703,1,60,-7,-7,-7,-7,-7,-7,-7,LPli,70
16698,1,60,-7,-7,-7,-7,-7,-7,-7,LPli,60
16700,1,60,-7,-7,-7,-7,-7,-7,-7,LPli,70
16699,1,60,-7,-7,-7,-7,-7,-7,-7,LPli,60
16680,1,60,-7,-7,-7,-7,-7,-7,-7,LPli,60
16659,1,60,-7,-7,-7,-7,-7,-7,-7,LPli,50
16658,1,60,-7,-7,-7,-7,-7,-7,-7,LPli,60
16657,1,60,-7,-7,-7,-7,-7,-7,-7,LPli,50
16660,1,60,-7,-7,-7,-7,-7,-7,-7,LPli,50
16708,1,60,-7,-7,-7,-7,-7,-7,-7,LPli,50
16678,1,60,-7,-7,-7,-7,-7,-7,-7,LPli,50
16672,1,60,-7,-7,-7,-7,-7,-7,-7,LPli,50
16677,1,60,-7,-7,-7,-7,-7,-7,-7,LPli,70
16859,3,60,-7,-7,-7,-7,-7,-7,-7,LPli,20
16858,1,60,-7,-7,-7,-7,-7,-7,-7,LPli,60
16860,3,60,-7,-7,-7,-7,-7,-7,-7,LPli,10
16827,3,60,-7,-7,-7,-7,-7,-7,-7,LPli,20
16826,3,60,-7,-7,-7,-7,-7,-7,-7,LPli,20
16707,1,60,-7,-7,-7,-7,-7,-7,-7,LPli,60
16857,2,60,-7,-7,-7,-7,-7,-7,-7,LPli,20
16877,2,60,-7,-7,-7,-7,-7,-7,-7,LPli,20
16863,1,60,-7,-7,-7,-7,-7,-7,-7,LPli,50
16883,1,60,-7,-7,-7,-7,-7,-7,-7,LPli,80
16712,2,60,-7,-7,-7,-7,-7,-7,-7,LPli,40
16720,2,60,-7,-7,-7,-7,-7,-7,-7,LPli,10
16719,3,60,-7,-7,-7,-7,-7,-7,-7,LPli,10
16710,1,60,-7,-7,-7,-7,-7,-7,-7,LPli,60
16709,1,60,-7,-7,-7,-7,-7,-7,-7,LPli,60
16651,1,60,-7,-7,-7,-7,-7,-7,-7,LPli,100
16813,3,60,-7,-7,-7,-7,-7,-7,-7,LPli,20
16818,2,60,-7,-7,-7,-7,-7,-7,-7,LPli,10
16817,2,60,-7,-7,-7,-7,-7,-7,-7,LPli,10
16816,2,60,-7,-7,-7,-7,-7,-7,-7,LPli,10
16802,2,60,-7,-7,-7,-7,-7,-7,-7,LPli,10
16814,3,60,-7,-7,-7,-7,-7,-7,-7,LPli,20
16620,3,60,-7,-7,-7,-7,-7,-7,-7,LPli,10
16645,1,60,-7,-7,-7,-7,-7,-7,-7,LPli,100
16643,1,60,-7,-7,-7,-7,-7,-7,-7,LPli,100
16639,1,60,-7,-7,-7,-7,-7,-7,-7,LPli,50
16647,1,60,-7,-7,-7,-7,-7,-7,-7,LPli,90
16652,1,60,-7,-7,-7,-7,-7,-7,-7,LPli,90
26962,1,60,-7,-7,-7,-7,-7,-7,-7,LPli,80
26963,1,60,-7,-7,-7,-7,-7,-7,-7,LPli,60
26965,1,60,-7,-7,-7,-7,-7,-7,-7,LPli,60
26933,2,60,-7,-7,-7,-7,-7,-7,-7,LPli,30
26964,1,60,-7,-7,-7,-7,-7,-7,-7,LPli,60
26961,2,60,-7,-7,-7,-7,-7,-7,-7,LPli,40
26902,1,60,-7,-7,-7,-7,-7,-7,-7,LPli,70
26953,2,60,-7,-7,-7,-7,-7,-7,-7,LPli,30
26901,1,60,-7,-7,-7,-7,-7,-7,-7,LPli,60
26903,1,60,-7,-7,-7,-7,-7,-7,-7,LPli,70
26900,1,60,-7,-7,-7,-7,-7,-7,-7,LPli,50
26899,2,60,-7,-7,-7,-7,-7,-7,-7,LPli,20
26954,2,60,-7,-7,-7,-7,-7,-7,-7,LPli,20
26907,2,60,-7,-7,-7,-7,-7,-7,-7,LPli,10
26906,3,60,-7,-7,-7,-7,-7,-7,-7,LPli,20
26946,2,60,-7,-7,-7,-7,-7,-7,-7,LPli,25
26904,1,60,-7,-7,-7,-7,-7,-7,-7,LPli,50
26958,2,60,-7,-7,-7,-7,-7,-7,-7,LPli,40
26960,1,60,-7,-7,-7,-7,-7,-7,-7,LPli,50
26959,2,60,-7,-7,-7,-7,-7,-7,-7,LPli,20
26955,2,60,-7,-7,-7,-7,-7,-7,-7,LPli,10
26956,4,60,-7,-7,-7,-7,-7,-7,-7,LPli,10
26957,1,60,-7,-7,-7,-7,-7,-7,-7,LPli,50
26971,1,60,-7,-7,-7,-7,-7,-7,-7,LPli,60
27035,2,60,-7,-7,-7,-7,-7,-7,-7,LPli,20
26970,1,60,-7,-7,-7,-7,-7,-7,-7,LPli,70
26969,1,60,-7,-7,-7,-7,-7,-7,-7,LPli,70
26985,3,60,-7,-7,-7,-7,-7,-7,-7,LPli,10
27030,2,60,-7,-7,-7,-7,-7,-7,-7,LPli,20
27023,1,60,-7,-7,-7,-7,-7,-7,-7,LPli,60
27022,1,60,-7,-7,-7,-7,-7,-7,-7,LPli,80
27021,1,60,-7,-7,-7,-7,-7,-7,-7,LPli,100
27008,1,60,-7,-7,-7,-7,-7,-7,-7,LPli,100
27020,1,60,-7,-7,-7,-7,-7,-7,-7,LPli,100
27014,2,60,-7,-7,-7,-7,-7,-7,-7,LPli,20
27013,2,60,-7,-7,-7,-7,-7,-7,-7,LPli,20
26966,1,60,-7,-7,-7,-7,-7,-7,-7,LPli,50
26968,1,60,-7,-7,-7,-7,-7,-7,-7,LPli,60
26967,1,60,-7,-7,-7,-7,-7,-7,-7,LPli,70
26937,2,60,-7,-7,-7,-7,-7,-7,-7,LPli,20
26941,3,60,-7,-7,-7,-7,-7,-7,-7,LPli,20
26938,2,60,-7,-7,-7,-7,-7,-7,-7,LPli,10
26922,2,60,-7,-7,-7,-7,-7,-7,-7,LPli,20
26923,2,60,-7,-7,-7,-7,-7,-7,-7,LPli,20
26944,2,60,-7,-7,-7,-7,-7,-7,-7,LPli,20
26925,3,60,-7,-7,-7,-7,-7,-7,-7,LPli,10
26908,2,60,-7,-7,-7,-7,-7,-7,-7,LPli,10
26929,2,60,-7,-7,-7,-7,-7,-7,-7,LPli,20
32147,1,80,-7,-7,-7,-7,-7,-7,-7,LPli,100
16993,3,80,-7,-7,-7,-7,-7,-7,-7,LPli,10
16956,2,80,-7,-7,-7,-7,-7,-7,-7,LPli,20
16969,2,80,-7,-7,-7,-7,-7,-7,-7,LPli,20
17584,1,80,-7,-7,-7,-7,-7,-7,-7,LPli,100
17606,1,80,-7,-7,-7,-7,-7,-7,-7,LPli,65
17609,1,80,-7,-7,-7,-7,-7,-7,-7,LPli,100
16911,3,80,-7,-7,-7,-7,-7,-7,-7,LPli,10
26931,2,80,-7,-7,-7,-7,-7,-7,-7,LPli,40
16913,3,80,-7,-7,-7,-7,-7,-7,-7,LPli,10
16914,2,80,-7,-7,-7,-7,-7,-7,-7,LPli,20
16916,3,80,-7,-7,-7,-7,-7,-7,-7,LPli,10
16918,2,80,-7,-7,-7,-7,-7,-7,-7,LPli,30
16912,2,80,-7,-7,-7,-7,-7,-7,-7,LPli,20
16907,2,80,-7,-7,-7,-7,-7,-7,-7,LPli,20
16938,2,80,-7,-7,-7,-7,-7,-7,-7,LPli,20
16924,3,80,-7,-7,-7,-7,-7,-7,-7,LPli,10
16920,3,80,-7,-7,-7,-7,-7,-7,-7,LPli,10
16921,2,80,-7,-7,-7,-7,-7,-7,-7,LPli,40
16922,2,80,-7,-7,-7,-7,-7,-7,-7,LPli,40
16951,1,80,-7,-7,-7,-7,-7,-7,-7,LPli,30
16925,2,80,-7,-7,-7,-7,-7,-7,-7,LPli,20
16927,3,80,-7,-7,-7,-7,-7,-7,-7,LPli,20
16713,2,80,-7,-7,-7,-7,-7,-7,-7,LPli,40
16167,1,80,-7,-7,-7,-7,-7,-7,-7,LPli,50
16178,2,80,-7,-7,-7,-7,-7,-7,-7,LPli,20
16170,1,80,-7,-7,-7,-7,-7,-7,-7,LPli,60
16177,1,80,-7,-7,-7,-7,-7,-7,-7,LPli,80
16176,1,80,-7,-7,-7,-7,-7,-7,-7,LPli,100
16171,1,80,-7,-7,-7,-7,-7,-7,-7,LPli,70
16694,1,80,-7,-7,-7,-7,-7,-7,-7,LPli,70
16682,1,80,-7,-7,-7,-7,-7,-7,-7,LPli,50
16701,1,80,-7,-7,-7,-7,-7,-7,-7,LPli,60
16705,1,80,-7,-7,-7,-7,-7,-7,-7,LPli,70
16704,1,80,-7,-7,-7,-7,-7,-7,-7,LPli,70
16703,1,80,-7,-7,-7,-7,-7,-7,-7,LPli,70
16698,1,80,-7,-7,-7,-7,-7,-7,-7,LPli,60
16700,1,80,-7,-7,-7,-7,-7,-7,-7,LPli,70
16699,1,80,-7,-7,-7,-7,-7,-7,-7,LPli,60
16680,1,80,-7,-7,-7,-7,-7,-7,-7,LPli,60
16659,1,80,-7,-7,-7,-7,-7,-7,-7,LPli,50
16658,1,80,-7,-7,-7,-7,-7,-7,-7,LPli,60
16657,1,80,-7,-7,-7,-7,-7,-7,-7,LPli,50
16660,1,80,-7,-7,-7,-7,-7,-7,-7,LPli,50
16708,1,80,-7,-7,-7,-7,-7,-7,-7,LPli,50
16678,1,80,-7,-7,-7,-7,-7,-7,-7,LPli,50
16672,1,80,-7,-7,-7,-7,-7,-7,-7,LPli,50
16677,1,80,-7,-7,-7,-7,-7,-7,-7,LPli,70
16859,3,80,-7,-7,-7,-7,-7,-7,-7,LPli,20
16858,1,80,-7,-7,-7,-7,-7,-7,-7,LPli,60
16860,3,80,-7,-7,-7,-7,-7,-7,-7,LPli,10
16827,3,80,-7,-7,-7,-7,-7,-7,-7,LPli,20
16826,3,80,-7,-7,-7,-7,-7,-7,-7,LPli,20
16707,1,80,-7,-7,-7,-7,-7,-7,-7,LPli,60
16857,2,80,-7,-7,-7,-7,-7,-7,-7,LPli,20
16877,2,80,-7,-7,-7,-7,-7,-7,-7,LPli,20
16863,1,80,-7,-7,-7,-7,-7,-7,-7,LPli,50
16883,1,80,-7,-7,-7,-7,-7,-7,-7,LPli,80
16712,2,80,-7,-7,-7,-7,-7,-7,-7,LPli,40
16720,2,80,-7,-7,-7,-7,-7,-7,-7,LPli,10
16719,3,80,-7,-7,-7,-7,-7,-7,-7,LPli,10
16710,1,80,-7,-7,-7,-7,-7,-7,-7,LPli,60
16709,1,80,-7,-7,-7,-7,-7,-7,-7,LPli,60
16651,1,80,-7,-7,-7,-7,-7,-7,-7,LPli,100
16813,3,80,-7,-7,-7,-7,-7,-7,-7,LPli,20
16818,2,80,-7,-7,-7,-7,-7,-7,-7,LPli,10
16817,2,80,-7,-7,-7,-7,-7,-7,-7,LPli,10
16816,2,80,-7,-7,-7,-7,-7,-7,-7,LPli,10
16802,2,80,-7,-7,-7,-7,-7,-7,-7,LPli,10
16814,3,80,-7,-7,-7,-7,-7,-7,-7,LPli,20
16620,3,80,-7,-7,-7,-7,-7,-7,-7,LPli,10
16645,1,80,-7,-7,-7,-7,-7,-7,-7,LPli,100
16643,1,80,-7,-7,-7,-7,-7,-7,-7,LPli,100
16639,1,80,-7,-7,-7,-7,-7,-7,-7,LPli,50
16647,1,80,-7,-7,-7,-7,-7,-7,-7,LPli,90
16652,1,80,-7,-7,-7,-7,-7,-7,-7,LPli,90
26962,1,80,-7,-7,-7,-7,-7,-7,-7,LPli,80
26963,1,80,-7,-7,-7,-7,-7,-7,-7,LPli,60
26965,1,80,-7,-7,-7,-7,-7,-7,-7,LPli,60
26933,2,80,-7,-7,-7,-7,-7,-7,-7,LPli,30
26964,1,80,-7,-7,-7,-7,-7,-7,-7,LPli,60
26961,2,80,-7,-7,-7,-7,-7,-7,-7,LPli,40
26902,1,80,-7,-7,-7,-7,-7,-7,-7,LPli,70
26953,2,80,-7,-7,-7,-7,-7,-7,-7,LPli,30
26901,1,80,-7,-7,-7,-7,-7,-7,-7,LPli,60
26903,1,80,-7,-7,-7,-7,-7,-7,-7,LPli,70
26900,1,80,-7,-7,-7,-7,-7,-7,-7,LPli,50
26899,2,80,-7,-7,-7,-7,-7,-7,-7,LPli,20
26954,2,80,-7,-7,-7,-7,-7,-7,-7,LPli,20
26907,2,80,-7,-7,-7,-7,-7,-7,-7,LPli,10
26906,3,80,-7,-7,-7,-7,-7,-7,-7,LPli,20
26946,2,80,-7,-7,-7,-7,-7,-7,-7,LPli,25
26904,1,80,-7,-7,-7,-7,-7,-7,-7,LPli,50
26958,2,80,-7,-7,-7,-7,-7,-7,-7,LPli,40
26960,1,80,-7,-7,-7,-7,-7,-7,-7,LPli,50
26959,2,80,-7,-7,-7,-7,-7,-7,-7,LPli,20
26955,2,80,-7,-7,-7,-7,-7,-7,-7,LPli,10
26956,4,80,-7,-7,-7,-7,-7,-7,-7,LPli,10
26957,1,80,-7,-7,-7,-7,-7,-7,-7,LPli,50
26971,1,80,-7,-7,-7,-7,-7,-7,-7,LPli,60
27035,2,80,-7,-7,-7,-7,-7,-7,-7,LPli,20
26970,1,80,-7,-7,-7,-7,-7,-7,-7,LPli,70
26969,1,80,-7,-7,-7,-7,-7,-7,-7,LPli,70
26985,3,80,-7,-7,-7,-7,-7,-7,-7,LPli,10
27030,2,80,-7,-7,-7,-7,-7,-7,-7,LPli,20
27023,1,80,-7,-7,-7,-7,-7,-7,-7,LPli,60
27022,1,80,-7,-7,-7,-7,-7,-7,-7,LPli,80
27021,1,80,-7,-7,-7,-7,-7,-7,-7,LPli,100
27008,1,80,-7,-7,-7,-7,-7,-7,-7,LPli,100
27020,1,80,-7,-7,-7,-7,-7,-7,-7,LPli,100
27014,2,80,-7,-7,-7,-7,-7,-7,-7,LPli,20
27013,2,80,-7,-7,-7,-7,-7,-7,-7,LPli,20
26966,1,80,-7,-7,-7,-7,-7,-7,-7,LPli,50
26968,1,80,-7,-7,-7,-7,-7,-7,-7,LPli,60
26967,1,80,-7,-7,-7,-7,-7,-7,-7,LPli,70
26937,2,80,-7,-7,-7,-7,-7,-7,-7,LPli,20
26941,3,80,-7,-7,-7,-7,-7,-7,-7,LPli,20
26938,2,80,-7,-7,-7,-7,-7,-7,-7,LPli,10
26922,2,80,-7,-7,-7,-7,-7,-7,-7,LPli,20
26923,2,80,-7,-7,-7,-7,-7,-7,-7,LPli,20
26944,2,80,-7,-7,-7,-7,-7,-7,-7,LPli,20
26925,3,80,-7,-7,-7,-7,-7,-7,-7,LPli,10
26908,2,80,-7,-7,-7,-7,-7,-7,-7,LPli,10
26929,2,80,-7,-7,-7,-7,-7,-7,-7,LPli,20
32147,1,100,-7,-7,-7,-7,-7,-7,-7,LPli,100
16993,3,100,-7,-7,-7,-7,-7,-7,-7,LPli,10
16956,2,100,-7,-7,-7,-7,-7,-7,-7,LPli,20
16969,2,100,-7,-7,-7,-7,-7,-7,-7,LPli,20
17584,1,100,-7,-7,-7,-7,-7,-7,-7,LPli,100
17606,1,100,-7,-7,-7,-7,-7,-7,-7,LPli,65
17609,1,100,-7,-7,-7,-7,-7,-7,-7,LPli,100
16911,3,100,-7,-7,-7,-7,-7,-7,-7,LPli,10
26931,2,100,-7,-7,-7,-7,-7,-7,-7,LPli,40
16913,3,100,-7,-7,-7,-7,-7,-7,-7,LPli,10
16914,2,100,-7,-7,-7,-7,-7,-7,-7,LPli,20
16916,3,100,-7,-7,-7,-7,-7,-7,-7,LPli,10
16918,2,100,-7,-7,-7,-7,-7,-7,-7,LPli,30
16912,2,100,-7,-7,-7,-7,-7,-7,-7,LPli,20
16907,2,100,-7,-7,-7,-7,-7,-7,-7,LPli,20
16938,2,100,-7,-7,-7,-7,-7,-7,-7,LPli,20
16924,3,100,-7,-7,-7,-7,-7,-7,-7,LPli,10
16920,3,100,-7,-7,-7,-7,-7,-7,-7,LPli,10
16921,2,100,-7,-7,-7,-7,-7,-7,-7,LPli,40
16922,2,100,-7,-7,-7,-7,-7,-7,-7,LPli,40
16951,1,100,-7,-7,-7,-7,-7,-7,-7,LPli,30
16925,2,100,-7,-7,-7,-7,-7,-7,-7,LPli,20
16927,3,100,-7,-7,-7,-7,-7,-7,-7,LPli,20
16713,2,100,-7,-7,-7,-7,-7,-7,-7,LPli,40
16167,1,100,-7,-7,-7,-7,-7,-7,-7,LPli,50
16178,2,100,-7,-7,-7,-7,-7,-7,-7,LPli,20
16170,1,100,-7,-7,-7,-7,-7,-7,-7,LPli,60
16177,1,100,-7,-7,-7,-7,-7,-7,-7,LPli,80
16176,1,100,-7,-7,-7,-7,-7,-7,-7,LPli,100
16171,1,100,-7,-7,-7,-7,-7,-7,-7,LPli,70
16694,1,100,-7,-7,-7,-7,-7,-7,-7,LPli,70
16682,1,100,-7,-7,-7,-7,-7,-7,-7,LPli,50
16701,1,100,-7,-7,-7,-7,-7,-7,-7,LPli,60
16705,1,100,-7,-7,-7,-7,-7,-7,-7,LPli,70
16704,1,100,-7,-7,-7,-7,-7,-7,-7,LPli,70
16703,1,100,-7,-7,-7,-7,-7,-7,-7,LPli,70
16698,1,100,-7,-7,-7,-7,-7,-7,-7,LPli,60
16700,1,100,-7,-7,-7,-7,-7,-7,-7,LPli,70
16699,1,100,-7,-7,-7,-7,-7,-7,-7,LPli,60
16680,1,100,-7,-7,-7,-7,-7,-7,-7,LPli,60
16659,1,100,-7,-7,-7,-7,-7,-7,-7,LPli,50
16658,1,100,-7,-7,-7,-7,-7,-7,-7,LPli,60
16657,1,100,-7,-7,-7,-7,-7,-7,-7,LPli,50
16660,1,100,-7,-7,-7,-7,-7,-7,-7,LPli,50
16708,1,100,-7,-7,-7,-7,-7,-7,-7,LPli,50
16678,1,100,-7,-7,-7,-7,-7,-7,-7,LPli,50
16672,1,100,-7,-7,-7,-7,-7,-7,-7,LPli,50
16677,1,100,-7,-7,-7,-7,-7,-7,-7,LPli,70
16859,3,100,-7,-7,-7,-7,-7,-7,-7,LPli,20
16858,1,100,-7,-7,-7,-7,-7,-7,-7,LPli,60
16860,3,100,-7,-7,-7,-7,-7,-7,-7,LPli,10
16827,3,100,-7,-7,-7,-7,-7,-7,-7,LPli,20
16826,3,100,-7,-7,-7,-7,-7,-7,-7,LPli,20
16707,1,100,-7,-7,-7,-7,-7,-7,-7,LPli,60
16857,2,100,-7,-7,-7,-7,-7,-7,-7,LPli,20
16877,2,100,-7,-7,-7,-7,-7,-7,-7,LPli,20
16863,1,100,-7,-7,-7,-7,-7,-7,-7,LPli,50
16883,1,100,-7,-7,-7,-7,-7,-7,-7,LPli,80
16712,2,100,-7,-7,-7,-7,-7,-7,-7,LPli,40
16720,2,100,-7,-7,-7,-7,-7,-7,-7,LPli,10
16719,3,100,-7,-7,-7,-7,-7,-7,-7,LPli,10
16710,1,100,-7,-7,-7,-7,-7,-7,-7,LPli,60
16709,1,100,-7,-7,-7,-7,-7,-7,-7,LPli,60
16651,1,100,-7,-7,-7,-7,-7,-7,-7,LPli,100
16813,3,100,-7,-7,-7,-7,-7,-7,-7,LPli,20
16818,2,100,-7,-7,-7,-7,-7,-7,-7,LPli,10
16817,2,100,-7,-7,-7,-7,-7,-7,-7,LPli,10
16816,2,100,-7,-7,-7,-7,-7,-7,-7,LPli,10
16802,2,100,-7,-7,-7,-7,-7,-7,-7,LPli,10
16814,3,100,-7,-7,-7,-7,-7,-7,-7,LPli,20
16620,3,100,-7,-7,-7,-7,-7,-7,-7,LPli,10
16645,1,100,-7,-7,-7,-7,-7,-7,-7,LPli,100
16643,1,100,-7,-7,-7,-7,-7,-7,-7,LPli,100
16639,1,100,-7,-7,-7,-7,-7,-7,-7,LPli,50
16647,1,100,-7,-7,-7,-7,-7,-7,-7,LPli,90
16652,1,100,-7,-7,-7,-7,-7,-7,-7,LPli,90
26962,1,100,-7,-7,-7,-7,-7,-7,-7,LPli,80
26963,1,100,-7,-7,-7,-7,-7,-7,-7,LPli,60
26965,1,100,-7,-7,-7,-7,-7,-7,-7,LPli,60
26933,2,100,-7,-7,-7,-7,-7,-7,-7,LPli,30
26964,1,100,-7,-7,-7,-7,-7,-7,-7,LPli,60
26961,2,100,-7,-7,-7,-7,-7,-7,-7,LPli,40
26902,1,100,-7,-7,-7,-7,-7,-7,-7,LPli,70
26953,2,100,-7,-7,-7,-7,-7,-7,-7,LPli,30
26901,1,100,-7,-7,-7,-7,-7,-7,-7,LPli,60
26903,1,100,-7,-7,-7,-7,-7,-7,-7,LPli,70
26900,1,100,-7,-7,-7,-7,-7,-7,-7,LPli,50
26899,2,100,-7,-7,-7,-7,-7,-7,-7,LPli,20
26954,2,100,-7,-7,-7,-7,-7,-7,-7,LPli,20
26907,2,100,-7,-7,-7,-7,-7,-7,-7,LPli,10
26906,3,100,-7,-7,-7,-7,-7,-7,-7,LPli,20
26946,2,100,-7,-7,-7,-7,-7,-7,-7,LPli,25
26904,1,100,-7,-7,-7,-7,-7,-7,-7,LPli,50
26958,2,100,-7,-7,-7,-7,-7,-7,-7,LPli,40
26960,1,100,-7,-7,-7,-7,-7,-7,-7,LPli,50
26959,2,100,-7,-7,-7,-7,-7,-7,-7,LPli,20
26955,2,100,-7,-7,-7,-7,-7,-7,-7,LPli,10
26956,4,100,-7,-7,-7,-7,-7,-7,-7,LPli,10
26957,1,100,-7,-7,-7,-7,-7,-7,-7,LPli,50
26971,1,100,-7,-7,-7,-7,-7,-7,-7,LPli,60
27035,2,100,-7,-7,-7,-7,-7,-7,-7,LPli,20
26970,1,100,-7,-7,-7,-7,-7,-7,-7,LPli,70
26969,1,100,-7,-7,-7,-7,-7,-7,-7,LPli,70
26985,3,100,-7,-7,-7,-7,-7,-7,-7,LPli,10
27030,2,100,-7,-7,-7,-7,-7,-7,-7,LPli,20
27023,1,100,-7,-7,-7,-7,-7,-7,-7,LPli,60
27022,1,100,-7,-7,-7,-7,-7,-7,-7,LPli,80
27021,1,100,-7,-7,-7,-7,-7,-7,-7,LPli,100
27008,1,100,-7,-7,-7,-7,-7,-7,-7,LPli,100
27020,1,100,-7,-7,-7,-7,-7,-7,-7,LPli,100
27014,2,100,-7,-7,-7,-7,-7,-7,-7,LPli,20
27013,2,100,-7,-7,-7,-7,-7,-7,-7,LPli,20
26966,1,100,-7,-7,-7,-7,-7,-7,-7,LPli,50
26968,1,100,-7,-7,-7,-7,-7,-7,-7,LPli,60
26967,1,100,-7,-7,-7,-7,-7,-7,-7,LPli,70
26937,2,100,-7,-7,-7,-7,-7,-7,-7,LPli,20
26941,3,100,-7,-7,-7,-7,-7,-7,-7,LPli,20
26938,2,100,-7,-7,-7,-7,-7,-7,-7,LPli,10
26922,2,100,-7,-7,-7,-7,-7,-7,-7,LPli,20
26923,2,100,-7,-7,-7,-7,-7,-7,-7,LPli,20
26944,2,100,-7,-7,-7,-7,-7,-7,-7,LPli,20
26925,3,100,-7,-7,-7,-7,-7,-7,-7,LPli,10
26908,2,100,-7,-7,-7,-7,-7,-7,-7,LPli,10
26929,2,100,-7,-7,-7,-7,-7,-7,-7,LPli,20
32147,1,150,-7,-7,-7,-7,-7,-7,-7,LPli,100
16993,3,150,-7,-7,-7,-7,-7,-7,-7,LPli,10
16956,2,150,-7,-7,-7,-7,-7,-7,-7,LPli,20
16969,2,150,-7,-7,-7,-7,-7,-7,-7,LPli,20
17584,1,150,-7,-7,-7,-7,-7,-7,-7,LPli,100
17606,1,150,-7,-7,-7,-7,-7,-7,-7,LPli,65
17609,1,150,-7,-7,-7,-7,-7,-7,-7,LPli,100
16911,3,150,-7,-7,-7,-7,-7,-7,-7,LPli,10
26931,2,150,-7,-7,-7,-7,-7,-7,-7,LPli,40
16913,3,150,-7,-7,-7,-7,-7,-7,-7,LPli,10
16914,2,150,-7,-7,-7,-7,-7,-7,-7,LPli,20
16916,3,150,-7,-7,-7,-7,-7,-7,-7,LPli,10
16918,2,150,-7,-7,-7,-7,-7,-7,-7,LPli,30
16912,2,150,-7,-7,-7,-7,-7,-7,-7,LPli,20
16907,2,150,-7,-7,-7,-7,-7,-7,-7,LPli,20
16938,2,150,-7,-7,-7,-7,-7,-7,-7,LPli,20
16924,3,150,-7,-7,-7,-7,-7,-7,-7,LPli,10
16920,3,150,-7,-7,-7,-7,-7,-7,-7,LPli,10
16921,2,150,-7,-7,-7,-7,-7,-7,-7,LPli,40
16922,2,150,-7,-7,-7,-7,-7,-7,-7,LPli,40
16951,1,150,-7,-7,-7,-7,-7,-7,-7,LPli,30
16925,2,150,-7,-7,-7,-7,-7,-7,-7,LPli,20
16927,3,150,-7,-7,-7,-7,-7,-7,-7,LPli,20
16713,2,150,-7,-7,-7,-7,-7,-7,-7,LPli,40
16167,1,150,-7,-7,-7,-7,-7,-7,-7,LPli,50
16178,2,150,-7,-7,-7,-7,-7,-7,-7,LPli,20
16170,1,150,-7,-7,-7,-7,-7,-7,-7,LPli,60
16177,1,150,-7,-7,-7,-7,-7,-7,-7,LPli,80
16176,1,150,-7,-7,-7,-7,-7,-7,-7,LPli,100
16171,1,150,-7,-7,-7,-7,-7,-7,-7,LPli,70
16694,1,150,-7,-7,-7,-7,-7,-7,-7,LPli,70
16682,1,150,-7,-7,-7,-7,-7,-7,-7,LPli,50
16701,1,150,-7,-7,-7,-7,-7,-7,-7,LPli,60
16705,1,150,-7,-7,-7,-7,-7,-7,-7,LPli,70
16704,1,150,-7,-7,-7,-7,-7,-7,-7,LPli,70
16703,1,150,-7,-7,-7,-7,-7,-7,-7,LPli,70
16698,1,150,-7,-7,-7,-7,-7,-7,-7,LPli,60
16700,1,150,-7,-7,-7,-7,-7,-7,-7,LPli,70
16699,1,150,-7,-7,-7,-7,-7,-7,-7,LPli,60
16680,1,150,-7,-7,-7,-7,-7,-7,-7,LPli,60
16659,1,150,-7,-7,-7,-7,-7,-7,-7,LPli,50
16658,1,150,-7,-7,-7,-7,-7,-7,-7,LPli,60
16657,1,150,-7,-7,-7,-7,-7,-7,-7,LPli,50
16660,1,150,-7,-7,-7,-7,-7,-7,-7,LPli,50
16708,1,150,-7,-7,-7,-7,-7,-7,-7,LPli,50
16678,1,150,-7,-7,-7,-7,-7,-7,-7,LPli,50
16672,1,150,-7,-7,-7,-7,-7,-7,-7,LPli,50
16677,1,150,-7,-7,-7,-7,-7,-7,-7,LPli,70
16859,3,150,-7,-7,-7,-7,-7,-7,-7,LPli,20
16858,1,150,-7,-7,-7,-7,-7,-7,-7,LPli,60
16860,3,150,-7,-7,-7,-7,-7,-7,-7,LPli,10
16827,3,150,-7,-7,-7,-7,-7,-7,-7,LPli,20
16826,3,150,-7,-7,-7,-7,-7,-7,-7,LPli,20
16707,1,150,-7,-7,-7,-7,-7,-7,-7,LPli,60
16857,2,150,-7,-7,-7,-7,-7,-7,-7,LPli,20
16877,2,150,-7,-7,-7,-7,-7,-7,-7,LPli,20
16863,1,150,-7,-7,-7,-7,-7,-7,-7,LPli,50
16883,1,150,-7,-7,-7,-7,-7,-7,-7,LPli,80
16712,2,150,-7,-7,-7,-7,-7,-7,-7,LPli,40
16720,2,150,-7,-7,-7,-7,-7,-7,-7,LPli,10
16719,3,150,-7,-7,-7,-7,-7,-7,-7,LPli,10
16710,1,150,-7,-7,-7,-7,-7,-7,-7,LPli,60
16709,1,150,-7,-7,-7,-7,-7,-7,-7,LPli,60
16651,1,150,-7,-7,-7,-7,-7,-7,-7,LPli,100
16813,3,150,-7,-7,-7,-7,-7,-7,-7,LPli,20
16818,2,150,-7,-7,-7,-7,-7,-7,-7,LPli,10
16817,2,150,-7,-7,-7,-7,-7,-7,-7,LPli,10
16816,2,150,-7,-7,-7,-7,-7,-7,-7,LPli,10
16802,2,150,-7,-7,-7,-7,-7,-7,-7,LPli,10
16814,3,150,-7,-7,-7,-7,-7,-7,-7,LPli,20
16620,3,150,-7,-7,-7,-7,-7,-7,-7,LPli,10
16645,1,150,-7,-7,-7,-7,-7,-7,-7,LPli,100
16643,1,150,-7,-7,-7,-7,-7,-7,-7,LPli,100
16639,1,150,-7,-7,-7,-7,-7,-7,-7,LPli,50
16647,1,150,-7,-7,-7,-7,-7,-7,-7,LPli,90
16652,1,150,-7,-7,-7,-7,-7,-7,-7,LPli,90
26962,1,150,-7,-7,-7,-7,-7,-7,-7,LPli,80
26963,1,150,-7,-7,-7,-7,-7,-7,-7,LPli,60
26965,1,150,-7,-7,-7,-7,-7,-7,-7,LPli,60
26933,2,150,-7,-7,-7,-7,-7,-7,-7,LPli,30
26964,1,150,-7,-7,-7,-7,-7,-7,-7,LPli,60
26961,2,150,-7,-7,-7,-7,-7,-7,-7,LPli,40
26902,1,150,-7,-7,-7,-7,-7,-7,-7,LPli,70
26953,2,150,-7,-7,-7,-7,-7,-7,-7,LPli,30
26901,1,150,-7,-7,-7,-7,-7,-7,-7,LPli,60
26903,1,150,-7,-7,-7,-7,-7,-7,-7,LPli,70
26900,1,150,-7,-7,-7,-7,-7,-7,-7,LPli,50
26899,2,150,-7,-7,-7,-7,-7,-7,-7,LPli,20
26954,2,150,-7,-7,-7,-7,-7,-7,-7,LPli,20
26907,2,150,-7,-7,-7,-7,-7,-7,-7,LPli,10
26906,3,150,-7,-7,-7,-7,-7,-7,-7,LPli,20
26946,2,150,-7,-7,-7,-7,-7,-7,-7,LPli,25
26904,1,150,-7,-7,-7,-7,-7,-7,-7,LPli,50
26958,2,150,-7,-7,-7,-7,-7,-7,-7,LPli,40
26960,1,150,-7,-7,-7,-7,-7,-7,-7,LPli,50
26959,2,150,-7,-7,-7,-7,-7,-7,-7,LPli,20
26955,2,150,-7,-7,-7,-7,-7,-7,-7,LPli,10
26956,4,150,-7,-7,-7,-7,-7,-7,-7,LPli,10
26957,1,150,-7,-7,-7,-7,-7,-7,-7,LPli,50
26971,1,150,-7,-7,-7,-7,-7,-7,-7,LPli,60
27035,2,150,-7,-7,-7,-7,-7,-7,-7,LPli,20
26970,1,150,-7,-7,-7,-7,-7,-7,-7,LPli,70
26969,1,150,-7,-7,-7,-7,-7,-7,-7,LPli,70
26985,3,150,-7,-7,-7,-7,-7,-7,-7,LPli,10
27030,2,150,-7,-7,-7,-7,-7,-7,-7,LPli,20
27023,1,150,-7,-7,-7,-7,-7,-7,-7,LPli,60
27022,1,150,-7,-7,-7,-7,-7,-7,-7,LPli,80
27021,1,150,-7,-7,-7,-7,-7,-7,-7,LPli,100
27008,1,150,-7,-7,-7,-7,-7,-7,-7,LPli,100
27020,1,150,-7,-7,-7,-7,-7,-7,-7,LPli,100
27014,2,150,-7,-7,-7,-7,-7,-7,-7,LPli,20
27013,2,150,-7,-7,-7,-7,-7,-7,-7,LPli,20
26966,1,150,-7,-7,-7,-7,-7,-7,-7,LPli,50
26968,1,150,-7,-7,-7,-7,-7,-7,-7,LPli,60
26967,1,150,-7,-7,-7,-7,-7,-7,-7,LPli,70
26937,2,150,-7,-7,-7,-7,-7,-7,-7,LPli,20
26941,3,150,-7,-7,-7,-7,-7,-7,-7,LPli,20
26938,2,150,-7,-7,-7,-7,-7,-7,-7,LPli,10
26922,2,150,-7,-7,-7,-7,-7,-7,-7,LPli,20
26923,2,150,-7,-7,-7,-7,-7,-7,-7,LPli,20
26944,2,150,-7,-7,-7,-7,-7,-7,-7,LPli,20
26925,3,150,-7,-7,-7,-7,-7,-7,-7,LPli,10
26908,2,150,-7,-7,-7,-7,-7,-7,-7,LPli,10
26929,2,150,-7,-7,-7,-7,-7,-7,-7,LPli,20
16806,2,0,6.6999998,1.5,3.1629999,16,20,51,29,LPli,30
16638,3,0,6.6999998,1.5,3.1629999,16,20,51,29,LPli,10
16634,2,0,6.6999998,1.5,3.1629999,16,20,51,29,LPli,20
16641,2,0,6.6999998,1.5,3.1629999,16,20,51,29,LPli,40
16642,2,0,6.6999998,1.5,3.1629999,16,20,51,29,LPli,20
16806,2,20,-7,-7,-7,-7,-7,-7,-7,LPli,30
16638,3,20,-7,-7,-7,-7,-7,-7,-7,LPli,10
16634,2,20,-7,-7,-7,-7,-7,-7,-7,LPli,20
16641,2,20,-7,-7,-7,-7,-7,-7,-7,LPli,40
16642,2,20,-7,-7,-7,-7,-7,-7,-7,LPli,20
16806,2,40,-7,-7,-7,-7,-7,-7,-7,LPli,30
16638,3,40,-7,-7,-7,-7,-7,-7,-7,LPli,10
16634,2,40,-7,-7,-7,-7,-7,-7,-7,LPli,20
16641,2,40,-7,-7,-7,-7,-7,-7,-7,LPli,40
16642,2,40,-7,-7,-7,-7,-7,-7,-7,LPli,20
16806,2,60,-7,-7,-7,-7,-7,-7,-7,LPli,30
16638,3,60,-7,-7,-7,-7,-7,-7,-7,LPli,10
16634,2,60,-7,-7,-7,-7,-7,-7,-7,LPli,20
16641,2,60,-7,-7,-7,-7,-7,-7,-7,LPli,40
16642,2,60,-7,-7,-7,-7,-7,-7,-7,LPli,20
16806,2,80,-7,-7,-7,-7,-7,-7,-7,LPli,30
16638,3,80,-7,-7,-7,-7,-7,-7,-7,LPli,10
16634,2,80,-7,-7,-7,-7,-7,-7,-7,LPli,20
16641,2,80,-7,-7,-7,-7,-7,-7,-7,LPli,40
16642,2,80,-7,-7,-7,-7,-7,-7,-7,LPli,20
16806,2,100,-7,-7,-7,-7,-7,-7,-7,LPli,30
16638,3,100,-7,-7,-7,-7,-7,-7,-7,LPli,10
16634,2,100,-7,-7,-7,-7,-7,-7,-7,LPli,20
16641,2,100,-7,-7,-7,-7,-7,-7,-7,LPli,40
16642,2,100,-7,-7,-7,-7,-7,-7,-7,LPli,20
16806,2,150,-7,-7,-7,-7,-7,-7,-7,LPli,30
16638,3,150,-7,-7,-7,-7,-7,-7,-7,LPli,10
16634,2,150,-7,-7,-7,-7,-7,-7,-7,LPli,20
16641,2,150,-7,-7,-7,-7,-7,-7,-7,LPli,40
16642,2,150,-7,-7,-7,-7,-7,-7,-7,LPli,20
16760,2,0,6.1999998,1.42,1.517,16,25,47,28,LVha,40
16760,2,20,6.1999998,0.88,0.801,17,33,42,25,LVha,40
16760,2,40,6.3000002,0.51999998,0.52100003,17,35,40,25,LVha,40
16760,2,60,6.4000001,0.5,0.396,17,35,41,24,LVha,40
16760,2,80,6.5,0.41,0.317,16,34,42,24,LVha,40
16760,2,100,6.5999999,0.38999999,0.22999999,16,32,44,24,LVha,40
16760,2,150,6.3000002,0.37,0.22999999,14,29,44,27,LVha,40
26973,1,0,7,0.73000002,0.64399999,12,16,64,20,LVha,100
26973,1,20,7.1999998,0.56,0.41100001,15,22,59,19,LVha,100
26973,1,40,7.3000002,0.47999999,0.31099999,15,22,60,18,LVha,100
26973,1,60,7.5,0.44999999,0.24700001,14,21,60,19,LVha,100
26973,1,80,7.6999998,0.38,0.197,14,20,61,19,LVha,100
26973,1,100,7.8000002,0.37,0.14,13,20,61,19,LVha,100
26973,1,150,8.1000004,0.31999999,0.131,13,21,58,21,LVha,100
27017,2,0,5.9000001,1.4,1.38,15,22,37,41,STlv,30
27017,2,20,6.0999999,0.76999998,0.588,16,28,34,38,STlv,30
27017,2,40,6.3000002,0.51999998,0.34900001,17,32,32,36,STlv,30
27017,2,60,6.6999998,0.46000001,0.23599999,17,33,31,36,STlv,30
27017,2,80,6.8000002,0.44,0.222,15,31,33,36,STlv,30
27017,2,100,7.0999999,0.40000001,0.18099999,14,29,33,38,STlv,30
27017,2,150,7.5,0.38999999,0.17399999,13,30,32,38,STlv,30
27024,1,0,6.1999998,0.36000001,0.51199996,13,24,64,12,STlv,50
27024,1,20,6.4000001,0.34,0.33699998,16,30,56,14,STlv,50
27024,1,40,6.5,0.47999999,0.287,16,33,52,15,STlv,50
27024,1,60,6.8000002,0.46000001,0.222,16,35,49,16,STlv,50
27024,1,80,6.8000002,0.44,0.177,14,31,52,17,STlv,50
27024,1,100,7.3000002,0.40000001,0.114,13,25,57,18,STlv,50
27024,1,150,7.5,0.38999999,0.17399999,13,30,32,38,STlv,50
17586,1,0,7.5,0.63,0.50599998,13,17,65,18,LVcc,100
17586,1,20,7.8000002,0.56,0.38599998,15,22,61,17,LVcc,100
17586,1,40,8,0.41999999,0.31999999,14,23,60,17,LVcc,100
17586,1,60,8.1000004,0.38999999,0.289,14,22,62,16,LVcc,100
17586,1,80,8.1999998,0.31999999,0.21800001,14,22,62,16,LVcc,100
17586,1,100,8.3999996,0.27000001,0.15000001,14,22,61,17,LVcc,100
17586,1,150,8.5,0.31999999,0.12899999,11,17,61,22,LVcc,100
16736,2,0,7.0999999,1.14,1.063,22,39,35,26,LVvr,10
16728,3,0,7.0999999,1.14,1.063,22,39,35,26,LVvr,20
16761,3,0,7.0999999,1.14,1.063,22,39,35,26,LVvr,10
16721,3,0,7.0999999,1.14,1.063,22,39,35,26,LVvr,20
16736,2,20,7.1999998,0.61000001,0.91999996,28,47,31,22,LVvr,10
16728,3,20,7.1999998,0.61000001,0.91999996,28,47,31,22,LVvr,20
16761,3,20,7.1999998,0.61000001,0.91999996,28,47,31,22,LVvr,10
16721,3,20,7.1999998,0.61000001,0.91999996,28,47,31,22,LVvr,20
16736,2,40,7.9000001,0.52999997,0.65100002,26,48,30,22,LVvr,10
16728,3,40,7.9000001,0.52999997,0.65100002,26,48,30,22,LVvr,20
16761,3,40,7.9000001,0.52999997,0.65100002,26,48,30,22,LVvr,10
16721,3,40,7.9000001,0.52999997,0.65100002,26,48,30,22,LVvr,20
16736,2,60,7.0999999,0.46000001,0.398,27,53,24,23,LVvr,10
16728,3,60,7.0999999,0.46000001,0.398,27,53,24,23,LVvr,20
16761,3,60,7.0999999,0.46000001,0.398,27,53,24,23,LVvr,10
16721,3,60,7.0999999,0.46000001,0.398,27,53,24,23,LVvr,20
16736,2,80,7.1999998,0.44999999,0.38499999,27,52,25,23,LVvr,10
16728,3,80,7.1999998,0.44999999,0.38499999,27,52,25,23,LVvr,20
16761,3,80,7.1999998,0.44999999,0.38499999,27,52,25,23,LVvr,10
16721,3,80,7.1999998,0.44999999,0.38499999,27,52,25,23,LVvr,20
16736,2,100,7.1999998,0.41999999,0.30500001,26,46,24,30,LVvr,10
16728,3,100,7.1999998,0.41999999,0.30500001,26,46,24,30,LVvr,20
16761,3,100,7.1999998,0.41999999,0.30500001,26,46,24,30,LVvr,10
16721,3,100,7.1999998,0.41999999,0.30500001,26,46,24,30,LVvr,20
16736,2,150,7.0999999,0.37,0.26500002,27,42,20,38,LVvr,10
16728,3,150,7.0999999,0.37,0.26500002,27,42,20,38,LVvr,20
16761,3,150,7.0999999,0.37,0.26500002,27,42,20,38,LVvr,10
16721,3,150,7.0999999,0.37,0.26500002,27,42,20,38,LVvr,20
16619,2,0,6.4000001,1.2,1.317,14,24,53,23,LVcr,20
16619,2,20,6.4000001,0.75,0.602,15,31,47,22,LVcr,20
16619,2,40,6.5,0.57999998,0.486,15,33,45,22,LVcr,20
16619,2,60,6.5,0.55000001,0.41300002,15,33,44,23,LVcr,20
16619,2,80,6.4000001,0.51999998,0.37599999,16,32,44,24,LVcr,20
16619,2,100,6.4000001,0.47999999,0.317,16,30,47,23,LVcr,20
16619,2,150,6.8000002,0.36000001,0.227,17,25,50,25,LVcr,20
26977,1,0,6.5,0.95999998,0.56700003,10,19,67,14,LVcr,100
26978,1,0,6.5,0.95999998,0.56700003,10,19,67,14,LVcr,100
16728,1,0,6.5,0.95999998,0.56700003,10,19,67,14,LVcr,50
16721,1,0,6.5,0.95999998,0.56700003,10,19,67,14,LVcr,50
16720,1,0,6.5,0.95999998,0.56700003,10,19,67,14,LVcr,90
16719,1,0,6.5,0.95999998,0.56700003,10,19,67,14,LVcr,50
16736,1,0,6.5,0.95999998,0.56700003,10,19,67,14,LVcr,90
16761,2,0,6.5,0.95999998,0.56700003,10,19,67,14,LVcr,30
16754,2,0,6.5,0.95999998,0.56700003,10,19,67,14,LVcr,10
16620,2,0,6.5,0.95999998,0.56700003,10,19,67,14,LVcr,30
26977,1,20,6.6999998,0.62,0.38599998,13,27,60,13,LVcr,100
26978,1,20,6.6999998,0.62,0.38599998,13,27,60,13,LVcr,100
16728,1,20,6.6999998,0.62,0.38599998,13,27,60,13,LVcr,50
16721,1,20,6.6999998,0.62,0.38599998,13,27,60,13,LVcr,50
16720,1,20,6.6999998,0.62,0.38599998,13,27,60,13,LVcr,90
16719,1,20,6.6999998,0.62,0.38599998,13,27,60,13,LVcr,50
16736,1,20,6.6999998,0.62,0.38599998,13,27,60,13,LVcr,90
16761,2,20,6.6999998,0.62,0.38599998,13,27,60,13,LVcr,30
16754,2,20,6.6999998,0.62,0.38599998,13,27,60,13,LVcr,10
16620,2,20,6.6999998,0.62,0.38599998,13,27,60,13,LVcr,30
26977,1,40,6.6999998,0.61000001,0.31199998,13,29,59,12,LVcr,100
26978,1,40,6.6999998,0.61000001,0.31199998,13,29,59,12,LVcr,100
16728,1,40,6.6999998,0.61000001,0.31199998,13,29,59,12,LVcr,50
16721,1,40,6.6999998,0.61000001,0.31199998,13,29,59,12,LVcr,50
16720,1,40,6.6999998,0.61000001,0.31199998,13,29,59,12,LVcr,90
16719,1,40,6.6999998,0.61000001,0.31199998,13,29,59,12,LVcr,50
16736,1,40,6.6999998,0.61000001,0.31199998,13,29,59,12,LVcr,90
16761,2,40,6.6999998,0.61000001,0.31199998,13,29,59,12,LVcr,30
16754,2,40,6.6999998,0.61000001,0.31199998,13,29,59,12,LVcr,10
16620,2,40,6.6999998,0.61000001,0.31199998,13,29,59,12,LVcr,30
26977,1,60,6.8000002,0.67000002,0.26199999,13,28,60,12,LVcr,100
26978,1,60,6.8000002,0.67000002,0.26199999,13,28,60,12,LVcr,100
16728,1,60,6.8000002,0.67000002,0.26199999,13,28,60,12,LVcr,50
16721,1,60,6.8000002,0.67000002,0.26199999,13,28,60,12,LVcr,50
16720,1,60,6.8000002,0.67000002,0.26199999,13,28,60,12,LVcr,90
16719,1,60,6.8000002,0.67000002,0.26199999,13,28,60,12,LVcr,50
16736,1,60,6.8000002,0.67000002,0.26199999,13,28,60,12,LVcr,90
16761,2,60,6.8000002,0.67000002,0.26199999,13,28,60,12,LVcr,30
16754,2,60,6.8000002,0.67000002,0.26199999,13,28,60,12,LVcr,10
16620,2,60,6.8000002,0.67000002,0.26199999,13,28,60,12,LVcr,30
26977,1,80,7.0999999,0.57999998,0.23499998,12,28,59,13,LVcr,100
26978,1,80,7.0999999,0.57999998,0.23499998,12,28,59,13,LVcr,100
16728,1,80,7.0999999,0.57999998,0.23499998,12,28,59,13,LVcr,50
16721,1,80,7.0999999,0.57999998,0.23499998,12,28,59,13,LVcr,50
16720,1,80,7.0999999,0.57999998,0.23499998,12,28,59,13,LVcr,90
16719,1,80,7.0999999,0.57999998,0.23499998,12,28,59,13,LVcr,50
16736,1,80,7.0999999,0.57999998,0.23499998,12,28,59,13,LVcr,90
16761,2,80,7.0999999,0.57999998,0.23499998,12,28,59,13,LVcr,30
16754,2,80,7.0999999,0.57999998,0.23499998,12,28,59,13,LVcr,10
16620,2,80,7.0999999,0.57999998,0.23499998,12,28,59,13,LVcr,30
26977,1,100,7.1999998,0.55000001,0.198,12,25,62,13,LVcr,100
26978,1,100,7.1999998,0.55000001,0.198,12,25,62,13,LVcr,100
16728,1,100,7.1999998,0.55000001,0.198,12,25,62,13,LVcr,50
16721,1,100,7.1999998,0.55000001,0.198,12,25,62,13,LVcr,50
16720,1,100,7.1999998,0.55000001,0.198,12,25,62,13,LVcr,90
16719,1,100,7.1999998,0.55000001,0.198,12,25,62,13,LVcr,50
16736,1,100,7.1999998,0.55000001,0.198,12,25,62,13,LVcr,90
16761,2,100,7.1999998,0.55000001,0.198,12,25,62,13,LVcr,30
16754,2,100,7.1999998,0.55000001,0.198,12,25,62,13,LVcr,10
16620,2,100,7.1999998,0.55000001,0.198,12,25,62,13,LVcr,30
26977,1,150,7.3000002,0.60000002,0.167,13,24,63,13,LVcr,100
26978,1,150,7.3000002,0.60000002,0.167,13,24,63,13,LVcr,100
16728,1,150,7.3000002,0.60000002,0.167,13,24,63,13,LVcr,50
16721,1,150,7.3000002,0.60000002,0.167,13,24,63,13,LVcr,50
16720,1,150,7.3000002,0.60000002,0.167,13,24,63,13,LVcr,90
16719,1,150,7.3000002,0.60000002,0.167,13,24,63,13,LVcr,50
16736,1,150,7.3000002,0.60000002,0.167,13,24,63,13,LVcr,90
16761,2,150,7.3000002,0.60000002,0.167,13,24,63,13,LVcr,30
16754,2,150,7.3000002,0.60000002,0.167,13,24,63,13,LVcr,10
16620,2,150,7.3000002,0.60000002,0.167,13,24,63,13,LVcr,30
27017,4,0,6.1999998,0.94999999,1.0779999,8,21,65,14,LXha,5
27017,4,20,6.0999999,0.62,0.57800001,6,29,59,12,LXha,5
27017,4,40,6,0.51999998,0.40599999,6,36,53,11,LXha,5
27017,4,60,5.9000001,0.47999999,0.35100001,7,40,49,11,LXha,5
27017,4,80,5.9000001,0.44999999,0.322,7,40,48,12,LXha,5
27017,4,100,6,0.40000001,0.26800001,7,40,44,16,LXha,5
27017,4,150,5.8000002,0.41,0.22,7,40,44,16,LXha,5
27024,3,0,6.0999999,0.33000001,0.42699999,5,14,76,10,LXha,10
27024,3,20,5.9000001,0.28999999,0.289,5,21,69,10,LXha,10
27024,3,40,6,0.22,0.23900001,5,24,67,9,LXha,10
27024,3,60,5.9000001,0.23999999,0.199,6,25,65,10,LXha,10
27024,3,80,6.0999999,0.23,0.183,5,27,64,9,LXha,10
27024,3,100,6.0999999,0.34999999,0.16599999,6,26,65,9,LXha,10
27024,3,150,5.9000001,0.40000001,0.125,4,24,67,9,LXha,10
16619,4,0,5.5,1.37,1.5369999,11,30,46,24,NT,10
16619,4,20,5.3000002,0.73000002,0.78299999,11,40,39,21,NT,10
16619,4,40,5.1999998,0.55000001,0.54299998,11,48,33,19,NT,10
16619,4,60,5.1999998,0.41999999,0.44099998,11,51,30,19,NT,10
16619,4,80,5.1999998,0.46000001,0.373,11,52,29,19,NT,10
16619,4,100,5.1999998,0.44,0.26500002,10,50,31,19,NT,10
16619,4,150,5,0.34999999,0.18700001,8,48,29,23,NT,10
26972,1,0,6.5,1.48,0.73800004,10,12,80,8,NT,70
26972,1,20,6.5,0.77999997,0.54699999,15,18,76,6,NT,70
26972,1,40,6.5,0.61000001,0.486,18,23,69,8,NT,70
26972,1,60,6.5,0.55000001,0.25299999,13,29,63,8,NT,70
26972,1,80,6.5999999,0.47999999,0.39399999,13,32,61,7,NT,70
26972,1,100,6.6999998,0.44999999,0.315,13,31,61,8,NT,70
26972,1,150,5.5,0.34999999,0.20199999,10,48,30,22,NT,70
16760,1,0,5.1999998,2.1099999,2.862,22,45,28,27,Nthu,60
16760,1,20,5.1999998,1.63,1.868,19,51,24,25,Nthu,60
16760,1,40,5.4000001,0.86000001,1.3430001,16,53,23,24,Nthu,60
16760,1,60,5.5999999,0.81999999,0.81700003,15,60,19,21,Nthu,60
16760,1,80,5.5999999,0.85000002,0.546,15,61,19,20,Nthu,60
16760,1,100,5.5999999,0.66000003,0.417,13,66,15,19,Nthu,60
16760,1,150,5.5,0.5,0.505,13,73,8,19,Nthu,60
16772,1,0,5.4000001,2.3699999,3.1760001,25,45,26,29,Nthu,100
16719,2,0,5.4000001,2.3699999,3.1760001,25,45,26,29,Nthu,40
16754,1,0,5.4000001,2.3699999,3.1760001,25,45,26,29,Nthu,90
16761,1,0,5.4000001,2.3699999,3.1760001,25,45,26,29,Nthu,60
16772,1,20,5.4000001,1.4400001,1.956,21,50,24,26,Nthu,100
16719,2,20,5.4000001,1.4400001,1.956,21,50,24,26,Nthu,40
16754,1,20,5.4000001,1.4400001,1.956,21,50,24,26,Nthu,90
16761,1,20,5.4000001,1.4400001,1.956,21,50,24,26,Nthu,60
16772,1,40,5.4000001,0.97000003,1.4119999,20,55,22,23,Nthu,100
16719,2,40,5.4000001,0.97000003,1.4119999,20,55,22,23,Nthu,40
16754,1,40,5.4000001,0.97000003,1.4119999,20,55,22,23,Nthu,90
16761,1,40,5.4000001,0.97000003,1.4119999,20,55,22,23,Nthu,60
16772,1,60,5.5,0.80000001,0.94700003,19,60,19,21,Nthu,100
16719,2,60,5.5,0.80000001,0.94700003,19,60,19,21,Nthu,40
16754,1,60,5.5,0.80000001,0.94700003,19,60,19,21,Nthu,90
16761,1,60,5.5,0.80000001,0.94700003,19,60,19,21,Nthu,60
16772,1,80,5.4000001,0.73000002,0.63200003,18,62,18,20,Nthu,100
16719,2,80,5.4000001,0.73000002,0.63200003,18,62,18,20,Nthu,40
16754,1,80,5.4000001,0.73000002,0.63200003,18,62,18,20,Nthu,90
16761,1,80,5.4000001,0.73000002,0.63200003,18,62,18,20,Nthu,60
16772,1,100,5.4000001,0.66000003,0.50599998,17,65,15,20,Nthu,100
16719,2,100,5.4000001,0.66000003,0.50599998,17,65,15,20,Nthu,40
16754,1,100,5.4000001,0.66000003,0.50599998,17,65,15,20,Nthu,90
16761,1,100,5.4000001,0.66000003,0.50599998,17,65,15,20,Nthu,60
16772,1,150,5.4000001,0.5,0.419,15,65,16,19,Nthu,100
16719,2,150,5.4000001,0.5,0.419,15,65,16,19,Nthu,40
16754,1,150,5.4000001,0.5,0.419,15,65,16,19,Nthu,90
16761,1,150,5.4000001,0.5,0.419,15,65,16,19,Nthu,60
17572,2,0,6.3000002,1.59,1.454,23,26,43,31,PHgl,50
17572,2,20,6.5999999,0.94,0.81599998,25,28,40,32,PHgl,50
17572,2,40,6.9000001,0.56,0.63699996,19,30,37,33,PHgl,50
17572,2,60,6.9000001,0.25999999,0.255,17,28,42,30,PHgl,50
17572,2,80,7,0.36000001,0.35799998,20,32,40,28,PHgl,50
17572,2,100,7.3000002,0.46000001,0.36400002,20,29,37,34,PHgl,50
17572,2,150,7.3000002,0.47,0.303,20,31,26,43,PHgl,50
27025,2,0,6.1999998,2.1099999,2.845,22,38,39,23,PHgl,30
27025,2,20,6.1999998,1.3099999,1.485,20,35,46,19,PHgl,30
27025,2,40,6.3000002,0.91000003,0.421,13,22,64,14,PHgl,30
27025,2,60,6.4000001,0.68000001,0.33199999,9,31,37,32,PHgl,30
27025,2,80,6.1999998,0.36000001,0.35799998,8,30,38,32,PHgl,30
27025,2,100,6.1999998,0.46000001,0.36400002,8,29,37,34,PHgl,30
27025,2,150,7.3000002,0.47,0.303,20,31,26,43,PHgl,30
16698,2,0,6.5999999,1.51,2.2750001,27,32,42,26,PHha,20
26979,1,0,6.5999999,1.51,2.2750001,27,32,42,26,PHha,70
16712,3,0,6.5999999,1.51,2.2750001,27,32,42,26,PHha,10
16802,1,0,6.5999999,1.51,2.2750001,27,32,42,26,PHha,80
16698,2,20,6.8000002,1.36,1.6459999,24,31,43,26,PHha,20
26979,1,20,6.8000002,1.36,1.6459999,24,31,43,26,PHha,70
16712,3,20,6.8000002,1.36,1.6459999,24,31,43,26,PHha,10
16802,1,20,6.8000002,1.36,1.6459999,24,31,43,26,PHha,80
16698,2,40,6.8000002,0.85000002,1.221,23,31,44,25,PHha,20
26979,1,40,6.8000002,0.85000002,1.221,23,31,44,25,PHha,70
16712,3,40,6.8000002,0.85000002,1.221,23,31,44,25,PHha,10
16802,1,40,6.8000002,0.85000002,1.221,23,31,44,25,PHha,80
16698,2,60,7.0999999,0.70999998,1.051,26,29,45,26,PHha,20
26979,1,60,7.0999999,0.70999998,1.051,26,29,45,26,PHha,70
16712,3,60,7.0999999,0.70999998,1.051,26,29,45,26,PHha,10
16802,1,60,7.0999999,0.70999998,1.051,26,29,45,26,PHha,80
16698,2,80,7,0.63,1.0319999,27,28,44,28,PHha,20
26979,1,80,7,0.63,1.0319999,27,28,44,28,PHha,70
16712,3,80,7,0.63,1.0319999,27,28,44,28,PHha,10
16802,1,80,7,0.63,1.0319999,27,28,44,28,PHha,80
16698,2,100,7.1999998,0.52999997,0.43000001,28,28,45,27,PHha,20
26979,1,100,7.1999998,0.52999997,0.43000001,28,28,45,27,PHha,70
16712,3,100,7.1999998,0.52999997,0.43000001,28,28,45,27,PHha,10
16802,1,100,7.1999998,0.52999997,0.43000001,28,28,45,27,PHha,80
16698,2,150,7.3000002,0.46000001,0.233,15,23,33,44,PHha,20
26979,1,150,7.3000002,0.46000001,0.233,15,23,33,44,PHha,70
16712,3,150,7.3000002,0.46000001,0.233,15,23,33,44,PHha,10
16802,1,150,7.3000002,0.46000001,0.233,15,23,33,44,PHha,80
16806,1,0,6.3000002,1.95,1.993,23,29,36,35,PHha,30
16806,1,20,6.5,1.38,1.437,23,30,37,33,PHha,30
16806,1,40,6.6999998,1.0599999,0.88500005,21,28,38,34,PHha,30
16806,1,60,6.8000002,0.87,0.727,19,27,38,35,PHha,30
16806,1,80,6.9000001,0.67000002,0.53400004,22,27,39,34,PHha,30
16806,1,100,7.0999999,0.57999998,0.39000002,20,25,38,37,PHha,30
16806,1,150,6.5,0.64999998,0.43600002,14,29,29,42,PHha,30
17578,1,0,5.8000002,0.67000002,0.80600005,9,16,58,26,PLeu,100
17575,1,0,5.8000002,0.67000002,0.80600005,9,16,58,26,PLeu,100
17573,1,0,5.8000002,0.67000002,0.80600005,9,16,58,26,PLeu,100
17578,1,20,6,0.51999998,0.45700002,10,25,52,23,PLeu,100
17575,1,20,6,0.51999998,0.45700002,10,25,52,23,PLeu,100
17573,1,20,6,0.51999998,0.45700002,10,25,52,23,PLeu,100
17578,1,40,6.3000002,0.38999999,0.39500001,15,34,44,22,PLeu,100
17575,1,40,6.3000002,0.38999999,0.39500001,15,34,44,22,PLeu,100
17573,1,40,6.3000002,0.38999999,0.39500001,15,34,44,22,PLeu,100
17578,1,60,6.5999999,0.34999999,0.25099999,18,39,39,22,PLeu,100
17575,1,60,6.5999999,0.34999999,0.25099999,18,39,39,22,PLeu,100
17573,1,60,6.5999999,0.34999999,0.25099999,18,39,39,22,PLeu,100
17578,1,80,6.6999998,0.31,0.26800001,19,40,37,23,PLeu,100
17575,1,80,6.6999998,0.31,0.26800001,19,40,37,23,PLeu,100
17573,1,80,6.6999998,0.31,0.26800001,19,40,37,23,PLeu,100
17578,1,100,7.0999999,0.25999999,0.24700001,19,38,36,26,PLeu,100
17575,1,100,7.0999999,0.25999999,0.24700001,19,38,36,26,PLeu,100
17573,1,100,7.0999999,0.25999999,0.24700001,19,38,36,26,PLeu,100
17578,1,150,7.5999999,0.38,0.109,17,36,39,25,PLeu,100
17575,1,150,7.5999999,0.38,0.109,17,36,39,25,PLeu,100
17573,1,150,7.5999999,0.38,0.109,17,36,39,25,PLeu,100
26980,1,0,6.1999998,0.51999998,0.49899998,6,11,80,9,PLeu,60
27025,1,0,6.1999998,0.51999998,0.49899998,6,11,80,9,PLeu,70
26980,1,20,6.4000001,0.44,0.23699999,10,22,67,11,PLeu,60
27025,1,20,6.4000001,0.44,0.23699999,10,22,67,11,PLeu,70
26980,1,40,6.5999999,0.44999999,0.244,12,26,66,8,PLeu,60
27025,1,40,6.5999999,0.44999999,0.244,12,26,66,8,PLeu,70
26980,1,60,6.8000002,0.41,0.204,14,28,64,8,PLeu,60
27025,1,60,6.8000002,0.41,0.204,14,28,64,8,PLeu,70
26980,1,80,7.1999998,0.40000001,0.132,12,24,68,8,PLeu,60
27025,1,80,7.1999998,0.40000001,0.132,12,24,68,8,PLeu,70
26980,1,100,7.1999998,0.40000001,0.192,14,26,63,11,PLeu,60
27025,1,100,7.1999998,0.40000001,0.192,14,26,63,11,PLeu,70
26980,1,150,7.3000002,0.38,0.14,18,34,43,23,PLeu,60
27025,1,150,7.3000002,0.38,0.14,18,34,43,23,PLeu,70
27017,3,0,5.5,0.68000001,0.866,8,15,59,26,PLum,20
27017,3,20,5.5999999,0.47999999,0.49299997,9,23,52,25,PLum,20
27017,3,40,5.9000001,0.41,0.40900001,12,33,44,23,PLum,20
27017,3,60,6,0.34999999,0.278,14,39,40,21,PLum,20
27017,3,80,6.0999999,0.31,0.278,15,40,38,22,PLum,20
27017,3,100,6.1999998,0.31999999,0.245,14,40,38,22,PLum,20
27017,3,150,6.1999998,0.38,0.122,11,36,45,19,PLum,20
27024,2,0,6.1999998,0.49000001,0.57099998,6,11,79,10,PLum,30
27024,2,20,6.5,0.38999999,0.245,9,21,68,11,PLum,30
27024,2,40,6.5,0.38,0.244,11,25,67,8,PLum,30
27024,2,60,6.6999998,0.40000001,0.223,14,27,65,8,PLum,30
27024,2,80,7.0999999,0.41,0.185,13,24,69,7,PLum,30
27024,2,100,7.0999999,0.40000001,0.192,14,25,65,10,PLum,30
27024,2,150,6.6999998,0.38,0.146,16,34,44,22,PLum,30
32125,1,0,8.1999998,0.77999997,0.58899999,14,15,55,30,RGca,100
16811,1,0,8.1999998,0.77999997,0.58899999,14,15,55,30,RGca,90
26989,2,0,8.1999998,0.77999997,0.58899999,14,15,55,30,RGca,30
16812,1,0,8.1999998,0.77999997,0.58899999,14,15,55,30,RGca,90
16814,1,0,8.1999998,0.77999997,0.58899999,14,15,55,30,RGca,40
26986,2,0,8.1999998,0.77999997,0.58899999,14,15,55,30,RGca,40
26906,1,0,8.1999998,0.77999997,0.58899999,14,15,55,30,RGca,40
26914,2,0,8.1999998,0.77999997,0.58899999,14,15,55,30,RGca,30
26905,1,0,8.1999998,0.77999997,0.58899999,14,15,55,30,RGca,90
26982,1,0,8.1999998,0.77999997,0.58899999,14,15,55,30,RGca,70
26981,1,0,8.1999998,0.77999997,0.58899999,14,15,55,30,RGca,90
32125,1,20,8.3000002,0.49000001,0.41999999,13,16,53,31,RGca,100
16811,1,20,8.3000002,0.49000001,0.41999999,13,16,53,31,RGca,90
26989,2,20,8.3000002,0.49000001,0.41999999,13,16,53,31,RGca,30
16812,1,20,8.3000002,0.49000001,0.41999999,13,16,53,31,RGca,90
16814,1,20,8.3000002,0.49000001,0.41999999,13,16,53,31,RGca,40
26986,2,20,8.3000002,0.49000001,0.41999999,13,16,53,31,RGca,40
26906,1,20,8.3000002,0.49000001,0.41999999,13,16,53,31,RGca,40
26914,2,20,8.3000002,0.49000001,0.41999999,13,16,53,31,RGca,30
26905,1,20,8.3000002,0.49000001,0.41999999,13,16,53,31,RGca,90
26982,1,20,8.3000002,0.49000001,0.41999999,13,16,53,31,RGca,70
26981,1,20,8.3000002,0.49000001,0.41999999,13,16,53,31,RGca,90
32125,1,40,8.3000002,0.40000001,0.30699998,13,15,54,31,RGca,100
16811,1,40,8.3000002,0.40000001,0.30699998,13,15,54,31,RGca,90
26989,2,40,8.3000002,0.40000001,0.30699998,13,15,54,31,RGca,30
16812,1,40,8.3000002,0.40000001,0.30699998,13,15,54,31,RGca,90
16814,1,40,8.3000002,0.40000001,0.30699998,13,15,54,31,RGca,40
26986,2,40,8.3000002,0.40000001,0.30699998,13,15,54,31,RGca,40
26906,1,40,8.3000002,0.40000001,0.30699998,13,15,54,31,RGca,40
26914,2,40,8.3000002,0.40000001,0.30699998,13,15,54,31,RGca,30
26905,1,40,8.3000002,0.40000001,0.30699998,13,15,54,31,RGca,90
26982,1,40,8.3000002,0.40000001,0.30699998,13,15,54,31,RGca,70
26981,1,40,8.3000002,0.40000001,0.30699998,13,15,54,31,RGca,90
32125,1,60,8.3000002,0.47,0.27700001,13,16,52,32,RGca,100
16811,1,60,8.3000002,0.47,0.27700001,13,16,52,32,RGca,90
26989,2,60,8.3000002,0.47,0.27700001,13,16,52,32,RGca,30
16812,1,60,8.3000002,0.47,0.27700001,13,16,52,32,RGca,90
16814,1,60,8.3000002,0.47,0.27700001,13,16,52,32,RGca,40
26986,2,60,8.3000002,0.47,0.27700001,13,16,52,32,RGca,40
26906,1,60,8.3000002,0.47,0.27700001,13,16,52,32,RGca,40
26914,2,60,8.3000002,0.47,0.27700001,13,16,52,32,RGca,30
26905,1,60,8.3000002,0.47,0.27700001,13,16,52,32,RGca,90
26982,1,60,8.3000002,0.47,0.27700001,13,16,52,32,RGca,70
26981,1,60,8.3000002,0.47,0.27700001,13,16,52,32,RGca,90
32125,1,80,8.3000002,0.34999999,0.252,12,17,50,33,RGca,100
16811,1,80,8.3000002,0.34999999,0.252,12,17,50,33,RGca,90
26989,2,80,8.3000002,0.34999999,0.252,12,17,50,33,RGca,30
16812,1,80,8.3000002,0.34999999,0.252,12,17,50,33,RGca,90
16814,1,80,8.3000002,0.34999999,0.252,12,17,50,33,RGca,40
26986,2,80,8.3000002,0.34999999,0.252,12,17,50,33,RGca,40
26906,1,80,8.3000002,0.34999999,0.252,12,17,50,33,RGca,40
26914,2,80,8.3000002,0.34999999,0.252,12,17,50,33,RGca,30
26905,1,80,8.3000002,0.34999999,0.252,12,17,50,33,RGca,90
26982,1,80,8.3000002,0.34999999,0.252,12,17,50,33,RGca,70
26981,1,80,8.3000002,0.34999999,0.252,12,17,50,33,RGca,90
32125,1,100,8.3000002,0.31999999,0.22999999,11,18,51,31,RGca,100
16811,1,100,8.3000002,0.31999999,0.22999999,11,18,51,31,RGca,90
26989,2,100,8.3000002,0.31999999,0.22999999,11,18,51,31,RGca,30
16812,1,100,8.3000002,0.31999999,0.22999999,11,18,51,31,RGca,90
16814,1,100,8.3000002,0.31999999,0.22999999,11,18,51,31,RGca,40
26986,2,100,8.3000002,0.31999999,0.22999999,11,18,51,31,RGca,40
26906,1,100,8.3000002,0.31999999,0.22999999,11,18,51,31,RGca,40
26914,2,100,8.3000002,0.31999999,0.22999999,11,18,51,31,RGca,30
26905,1,100,8.3000002,0.31999999,0.22999999,11,18,51,31,RGca,90
26982,1,100,8.3000002,0.31999999,0.22999999,11,18,51,31,RGca,70
26981,1,100,8.3000002,0.31999999,0.22999999,11,18,51,31,RGca,90
32125,1,150,8.1999998,0.44999999,0.186,11,19,51,30,RGca,100
16811,1,150,8.1999998,0.44999999,0.186,11,19,51,30,RGca,90
26989,2,150,8.1999998,0.44999999,0.186,11,19,51,30,RGca,30
16812,1,150,8.1999998,0.44999999,0.186,11,19,51,30,RGca,90
16814,1,150,8.1999998,0.44999999,0.186,11,19,51,30,RGca,40
26986,2,150,8.1999998,0.44999999,0.186,11,19,51,30,RGca,40
26906,1,150,8.1999998,0.44999999,0.186,11,19,51,30,RGca,40
26914,2,150,8.1999998,0.44999999,0.186,11,19,51,30,RGca,30
26905,1,150,8.1999998,0.44999999,0.186,11,19,51,30,RGca,90
26982,1,150,8.1999998,0.44999999,0.186,11,19,51,30,RGca,70
26981,1,150,8.1999998,0.44999999,0.186,11,19,51,30,RGca,90
17616,1,0,5.8000002,1.66,1.688,13,23,46,31,RGdy,100
17619,1,0,5.8000002,1.66,1.688,13,23,46,31,RGdy,100
17616,1,20,5.4000001,1.14,1.178,14,27,37,36,RGdy,100
17619,1,20,5.4000001,1.14,1.178,14,27,37,36,RGdy,100
17616,1,40,5.3000002,0.63,0.54699999,15,27,35,38,RGdy,100
17619,1,40,5.3000002,0.63,0.54699999,15,27,35,38,RGdy,100
17616,1,60,5.0999999,0.43000001,0.37900001,17,27,37,36,RGdy,100
17619,1,60,5.0999999,0.43000001,0.37900001,17,27,37,36,RGdy,100
17616,1,80,5.5,0.41,0.27000001,7,16,57,27,RGdy,100
17619,1,80,5.5,0.41,0.27000001,7,16,57,27,RGdy,100
17616,1,100,5.5999999,0.43000001,0.27399999,7,16,55,29,RGdy,100
17619,1,100,5.5999999,0.43000001,0.27399999,7,16,55,29,RGdy,100
17616,1,150,5.6999998,0.62,0.12899999,6,16,42,42,RGdy,100
17619,1,150,5.6999998,0.62,0.12899999,6,16,42,42,RGdy,100
16810,1,0,6.3000002,0.91000003,0.97600001,8,13,69,18,RGeu,50
16810,1,20,6.4000001,0.47,0.43099999,8,14,68,18,RGeu,50
16810,1,60,6.5999999,0.31999999,0.27000001,9,12,70,18,RGeu,50
16810,1,80,6.6999998,0.37,0.244,10,15,66,19,RGeu,50
16810,1,100,6.6999998,0.25999999,0.22,9,16,61,23,RGeu,50
16810,1,150,7.8000002,0.40000001,0.167,13,17,56,27,RGeu,50
26902,2,20,7.4000001,0.41999999,0.30199999,13,15,66,19,RGeu,20
26902,2,0,7.4000001,0.51999998,0.57600003,13,14,66,20,RGeu,20
26901,2,0,7.4000001,0.51999998,0.57600003,13,14,66,20,RGeu,40
16916,2,0,7.4000001,0.51999998,0.57600003,13,14,66,20,RGeu,20
16170,2,0,7.4000001,0.51999998,0.57600003,13,14,66,20,RGeu,40
16859,1,0,7.4000001,0.51999998,0.57600003,13,14,66,20,RGeu,40
17617,1,0,7.4000001,0.51999998,0.57600003,13,14,66,20,RGeu,100
16701,2,0,7.4000001,0.51999998,0.57600003,13,14,66,20,RGeu,40
16700,2,0,7.4000001,0.51999998,0.57600003,13,14,66,20,RGeu,20
16699,2,0,7.4000001,0.51999998,0.57600003,13,14,66,20,RGeu,40
16703,2,0,7.4000001,0.51999998,0.57600003,13,14,66,20,RGeu,20
16813,1,0,7.4000001,0.51999998,0.57600003,13,14,66,20,RGeu,40
26901,2,20,7.4000001,0.41999999,0.30199999,13,15,66,19,RGeu,40
16916,2,20,7.4000001,0.41999999,0.30199999,13,15,66,19,RGeu,20
16170,2,20,7.4000001,0.41999999,0.30199999,13,15,66,19,RGeu,40
16859,1,20,7.4000001,0.41999999,0.30199999,13,15,66,19,RGeu,40
17617,1,20,7.4000001,0.41999999,0.30199999,13,15,66,19,RGeu,100
16701,2,20,7.4000001,0.41999999,0.30199999,13,15,66,19,RGeu,40
16700,2,20,7.4000001,0.41999999,0.30199999,13,15,66,19,RGeu,20
16699,2,20,7.4000001,0.41999999,0.30199999,13,15,66,19,RGeu,40
16703,2,20,7.4000001,0.41999999,0.30199999,13,15,66,19,RGeu,20
16813,1,20,7.4000001,0.41999999,0.30199999,13,15,66,19,RGeu,40
26902,2,40,7.5999999,0.33000001,0.26899999,14,16,64,20,RGeu,20
26901,2,40,7.5999999,0.33000001,0.26899999,14,16,64,20,RGeu,40
16916,2,40,7.5999999,0.33000001,0.26899999,14,16,64,20,RGeu,20
16170,2,40,7.5999999,0.33000001,0.26899999,14,16,64,20,RGeu,40
16859,1,40,7.5999999,0.33000001,0.26899999,14,16,64,20,RGeu,40
17617,1,40,7.5999999,0.33000001,0.26899999,14,16,64,20,RGeu,100
16701,2,40,7.5999999,0.33000001,0.26899999,14,16,64,20,RGeu,40
16700,2,40,7.5999999,0.33000001,0.26899999,14,16,64,20,RGeu,20
16699,2,40,7.5999999,0.33000001,0.26899999,14,16,64,20,RGeu,40
16703,2,40,7.5999999,0.33000001,0.26899999,14,16,64,20,RGeu,20
16813,1,40,7.5999999,0.33000001,0.26899999,14,16,64,20,RGeu,40
26902,2,60,7.8000002,0.34,0.20199999,14,16,62,22,RGeu,20
26901,2,60,7.8000002,0.34,0.20199999,14,16,62,22,RGeu,40
16916,2,60,7.8000002,0.34,0.20199999,14,16,62,22,RGeu,20
16170,2,60,7.8000002,0.34,0.20199999,14,16,62,22,RGeu,40
16859,1,60,7.8000002,0.34,0.20199999,14,16,62,22,RGeu,40
17617,1,60,7.8000002,0.34,0.20199999,14,16,62,22,RGeu,100
16701,2,60,7.8000002,0.34,0.20199999,14,16,62,22,RGeu,40
16700,2,60,7.8000002,0.34,0.20199999,14,16,62,22,RGeu,20
16699,2,60,7.8000002,0.34,0.20199999,14,16,62,22,RGeu,40
16703,2,60,7.8000002,0.34,0.20199999,14,16,62,22,RGeu,20
16813,1,60,7.8000002,0.34,0.20199999,14,16,62,22,RGeu,40
26902,2,80,8.1000004,0.2,0.171,14,17,61,22,RGeu,20
26901,2,80,8.1000004,0.2,0.171,14,17,61,22,RGeu,40
16916,2,80,8.1000004,0.2,0.171,14,17,61,22,RGeu,20
16170,2,80,8.1000004,0.2,0.171,14,17,61,22,RGeu,40
16859,1,80,8.1000004,0.2,0.171,14,17,61,22,RGeu,40
17617,1,80,8.1000004,0.2,0.171,14,17,61,22,RGeu,100
16701,2,80,8.1000004,0.2,0.171,14,17,61,22,RGeu,40
16700,2,80,8.1000004,0.2,0.171,14,17,61,22,RGeu,20
16699,2,80,8.1000004,0.2,0.171,14,17,61,22,RGeu,40
16703,2,80,8.1000004,0.2,0.171,14,17,61,22,RGeu,20
16813,1,80,8.1000004,0.2,0.171,14,17,61,22,RGeu,40
26902,2,100,8.1999998,0.22,0.139,15,19,58,23,RGeu,20
26901,2,100,8.1999998,0.22,0.139,15,19,58,23,RGeu,40
16916,2,100,8.1999998,0.22,0.139,15,19,58,23,RGeu,20
16170,2,100,8.1999998,0.22,0.139,15,19,58,23,RGeu,40
16859,1,100,8.1999998,0.22,0.139,15,19,58,23,RGeu,40
17617,1,100,8.1999998,0.22,0.139,15,19,58,23,RGeu,100
16701,2,100,8.1999998,0.22,0.139,15,19,58,23,RGeu,40
16700,2,100,8.1999998,0.22,0.139,15,19,58,23,RGeu,20
16699,2,100,8.1999998,0.22,0.139,15,19,58,23,RGeu,40
16703,2,100,8.1999998,0.22,0.139,15,19,58,23,RGeu,20
16813,1,100,8.1999998,0.22,0.139,15,19,58,23,RGeu,40
26902,2,150,8.3000002,0.18000001,0.119,17,20,56,24,RGeu,20
26901,2,150,8.3000002,0.18000001,0.119,17,20,56,24,RGeu,40
16916,2,150,8.3000002,0.18000001,0.119,17,20,56,24,RGeu,20
16170,2,150,8.3000002,0.18000001,0.119,17,20,56,24,RGeu,40
16859,1,150,8.3000002,0.18000001,0.119,17,20,56,24,RGeu,40
17617,1,150,8.3000002,0.18000001,0.119,17,20,56,24,RGeu,100
16701,2,150,8.3000002,0.18000001,0.119,17,20,56,24,RGeu,40
16700,2,150,8.3000002,0.18000001,0.119,17,20,56,24,RGeu,20
16699,2,150,8.3000002,0.18000001,0.119,17,20,56,24,RGeu,40
16703,2,150,8.3000002,0.18000001,0.119,17,20,56,24,RGeu,20
16813,1,150,8.3000002,0.18000001,0.119,17,20,56,24,RGeu,40
27015,1,0,8.5,1.09,0.68599999,17,29,43,28,SCgl,50
17607,1,0,8.5,1.09,0.68599999,17,29,43,28,SCgl,50
16878,1,0,8.5,1.09,0.68599999,17,29,43,28,SCgl,50
27015,1,20,8.6999998,0.68000001,0.565,17,30,41,29,SCgl,50
17607,1,20,8.6999998,0.68000001,0.565,17,30,41,29,SCgl,50
16878,1,20,8.6999998,0.68000001,0.565,17,30,41,29,SCgl,50
27015,1,40,8.3999996,0.54000002,0.44899997,15,27,45,28,SCgl,50
17607,1,40,8.3999996,0.54000002,0.44899997,15,27,45,28,SCgl,50
16878,1,40,8.3999996,0.54000002,0.44899997,15,27,45,28,SCgl,50
27015,1,60,8.3999996,0.36000001,0.315,16,28,43,29,SCgl,50
17607,1,60,8.3999996,0.36000001,0.315,16,28,43,29,SCgl,50
16878,1,60,8.3999996,0.36000001,0.315,16,28,43,29,SCgl,50
27015,1,80,8.6000004,0.38,0.30000001,17,30,42,28,SCgl,50
17607,1,80,8.6000004,0.38,0.30000001,17,30,42,28,SCgl,50
16878,1,80,8.6000004,0.38,0.30000001,17,30,42,28,SCgl,50
27015,1,100,8.5,0.37,0.285,16,30,41,29,SCgl,50
17607,1,100,8.5,0.37,0.285,16,30,41,29,SCgl,50
16878,1,100,8.5,0.37,0.285,16,30,41,29,SCgl,50
27015,1,150,8.3999996,0.20999999,0.26500002,16,32,23,45,SCgl,50
17607,1,150,8.3999996,0.20999999,0.26500002,16,32,23,45,SCgl,50
16878,1,150,8.3999996,0.20999999,0.26500002,16,32,23,45,SCgl,50
16174,1,0,8.1000004,0.76999998,0.62,18,24,50,26,SCha,100
16175,1,0,8.1000004,0.76999998,0.62,18,24,50,26,SCha,50
26997,2,0,8.1000004,0.76999998,0.62,18,24,50,26,SCha,40
16921,3,0,8.1000004,0.76999998,0.62,18,24,50,26,SCha,10
26904,2,0,8.1000004,0.76999998,0.62,18,24,50,26,SCha,30
26911,1,0,8.1000004,0.76999998,0.62,18,24,50,26,SCha,50
26927,2,0,8.1000004,0.76999998,0.62,18,24,50,26,SCha,10
26956,3,0,8.1000004,0.76999998,0.62,18,24,50,26,SCha,10
16816,1,0,8.1000004,0.76999998,0.62,18,24,50,26,SCha,90
16827,1,0,8.1000004,0.76999998,0.62,18,24,50,26,SCha,40
16710,2,0,8.1000004,0.76999998,0.62,18,24,50,26,SCha,40
16708,2,0,8.1000004,0.76999998,0.62,18,24,50,26,SCha,30
16707,2,0,8.1000004,0.76999998,0.62,18,24,50,26,SCha,40
16704,2,0,8.1000004,0.76999998,0.62,18,24,50,26,SCha,20
16911,2,0,8.1000004,0.76999998,0.62,18,24,50,26,SCha,20
16660,3,0,8.1000004,0.76999998,0.62,18,24,50,26,SCha,10
16672,3,0,8.1000004,0.76999998,0.62,18,24,50,26,SCha,20
26983,1,0,8.1000004,0.76999998,0.62,18,24,50,26,SCha,100
26984,1,0,8.1000004,0.76999998,0.62,18,24,50,26,SCha,100
26986,1,0,8.1000004,0.76999998,0.62,18,24,50,26,SCha,60
26987,1,0,8.1000004,0.76999998,0.62,18,24,50,26,SCha,50
26981,2,0,8.1000004,0.76999998,0.62,18,24,50,26,SCha,10
26990,2,0,8.1000004,0.76999998,0.62,18,24,50,26,SCha,50
26991,2,0,8.1000004,0.76999998,0.62,18,24,50,26,SCha,30
26992,2,0,8.1000004,0.76999998,0.62,18,24,50,26,SCha,40
26994,2,0,8.1000004,0.76999998,0.62,18,24,50,26,SCha,30
16823,1,0,8.1000004,0.76999998,0.62,18,24,50,26,SCha,100
26989,1,0,8.1000004,0.76999998,0.62,18,24,50,26,SCha,40
26982,2,0,8.1000004,0.76999998,0.62,18,24,50,26,SCha,15
16174,1,20,8.1999998,0.40000001,0.32800001,16,25,50,25,SCha,100
16175,1,20,8.1999998,0.40000001,0.32800001,16,25,50,25,SCha,50
26997,2,20,8.1999998,0.40000001,0.32800001,16,25,50,25,SCha,40
16921,3,20,8.1999998,0.40000001,0.32800001,16,25,50,25,SCha,10
26904,2,20,8.1999998,0.40000001,0.32800001,16,25,50,25,SCha,30
26911,1,20,8.1999998,0.40000001,0.32800001,16,25,50,25,SCha,50
26927,2,20,8.1999998,0.40000001,0.32800001,16,25,50,25,SCha,10
26956,3,20,8.1999998,0.40000001,0.32800001,16,25,50,25,SCha,10
16816,1,20,8.1999998,0.40000001,0.32800001,16,25,50,25,SCha,90
16827,1,20,8.1999998,0.40000001,0.32800001,16,25,50,25,SCha,40
16710,2,20,8.1999998,0.40000001,0.32800001,16,25,50,25,SCha,40
16708,2,20,8.1999998,0.40000001,0.32800001,16,25,50,25,SCha,30
16707,2,20,8.1999998,0.40000001,0.32800001,16,25,50,25,SCha,40
16704,2,20,8.1999998,0.40000001,0.32800001,16,25,50,25,SCha,20
16911,2,20,8.1999998,0.40000001,0.32800001,16,25,50,25,SCha,20
16660,3,20,8.1999998,0.40000001,0.32800001,16,25,50,25,SCha,10
16672,3,20,8.1999998,0.40000001,0.32800001,16,25,50,25,SCha,20
26983,1,20,8.1999998,0.40000001,0.32800001,16,25,50,25,SCha,100
26984,1,20,8.1999998,0.40000001,0.32800001,16,25,50,25,SCha,100
26986,1,20,8.1999998,0.40000001,0.32800001,16,25,50,25,SCha,60
26987,1,20,8.1999998,0.40000001,0.32800001,16,25,50,25,SCha,50
26981,2,20,8.1999998,0.40000001,0.32800001,16,25,50,25,SCha,10
26990,2,20,8.1999998,0.40000001,0.32800001,16,25,50,25,SCha,50
26991,2,20,8.1999998,0.40000001,0.32800001,16,25,50,25,SCha,30
26992,2,20,8.1999998,0.40000001,0.32800001,16,25,50,25,SCha,40
26994,2,20,8.1999998,0.40000001,0.32800001,16,25,50,25,SCha,30
16823,1,20,8.1999998,0.40000001,0.32800001,16,25,50,25,SCha,100
26989,1,20,8.1999998,0.40000001,0.32800001,16,25,50,25,SCha,40
26982,2,20,8.1999998,0.40000001,0.32800001,16,25,50,25,SCha,15
16174,1,40,8.1999998,0.28,0.24000001,17,24,50,26,SCha,100
16175,1,40,8.1999998,0.28,0.24000001,17,24,50,26,SCha,50
26997,2,40,8.1999998,0.28,0.24000001,17,24,50,26,SCha,40
16921,3,40,8.1999998,0.28,0.24000001,17,24,50,26,SCha,10
26904,2,40,8.1999998,0.28,0.24000001,17,24,50,26,SCha,30
26911,1,40,8.1999998,0.28,0.24000001,17,24,50,26,SCha,50
26927,2,40,8.1999998,0.28,0.24000001,17,24,50,26,SCha,10
26956,3,40,8.1999998,0.28,0.24000001,17,24,50,26,SCha,10
16816,1,40,8.1999998,0.28,0.24000001,17,24,50,26,SCha,90
16827,1,40,8.1999998,0.28,0.24000001,17,24,50,26,SCha,40
16710,2,40,8.1999998,0.28,0.24000001,17,24,50,26,SCha,40
16708,2,40,8.1999998,0.28,0.24000001,17,24,50,26,SCha,30
16707,2,40,8.1999998,0.28,0.24000001,17,24,50,26,SCha,40
16704,2,40,8.1999998,0.28,0.24000001,17,24,50,26,SCha,20
16911,2,40,8.1999998,0.28,0.24000001,17,24,50,26,SCha,20
16660,3,40,8.1999998,0.28,0.24000001,17,24,50,26,SCha,10
16672,3,40,8.1999998,0.28,0.24000001,17,24,50,26,SCha,20
26983,1,40,8.1999998,0.28,0.24000001,17,24,50,26,SCha,100
26984,1,40,8.1999998,0.28,0.24000001,17,24,50,26,SCha,100
26986,1,40,8.1999998,0.28,0.24000001,17,24,50,26,SCha,60
26987,1,40,8.1999998,0.28,0.24000001,17,24,50,26,SCha,50
26981,2,40,8.1999998,0.28,0.24000001,17,24,50,26,SCha,10
26990,2,40,8.1999998,0.28,0.24000001,17,24,50,26,SCha,50
26991,2,40,8.1999998,0.28,0.24000001,17,24,50,26,SCha,30
26992,2,40,8.1999998,0.28,0.24000001,17,24,50,26,SCha,40
26994,2,40,8.1999998,0.28,0.24000001,17,24,50,26,SCha,30
16823,1,40,8.1999998,0.28,0.24000001,17,24,50,26,SCha,100
26989,1,40,8.1999998,0.28,0.24000001,17,24,50,26,SCha,40
26982,2,40,8.1999998,0.28,0.24000001,17,24,50,26,SCha,15
16174,1,60,8.1999998,0.28,0.22400001,16,24,49,27,SCha,100
16175,1,60,8.1999998,0.28,0.22400001,16,24,49,27,SCha,50
26997,2,60,8.1999998,0.28,0.22400001,16,24,49,27,SCha,40
16921,3,60,8.1999998,0.28,0.22400001,16,24,49,27,SCha,10
26904,2,60,8.1999998,0.28,0.22400001,16,24,49,27,SCha,30
26911,1,60,8.1999998,0.28,0.22400001,16,24,49,27,SCha,50
26927,2,60,8.1999998,0.28,0.22400001,16,24,49,27,SCha,10
26956,3,60,8.1999998,0.28,0.22400001,16,24,49,27,SCha,10
16816,1,60,8.1999998,0.28,0.22400001,16,24,49,27,SCha,90
16827,1,60,8.1999998,0.28,0.22400001,16,24,49,27,SCha,40
16710,2,60,8.1999998,0.28,0.22400001,16,24,49,27,SCha,40
16708,2,60,8.1999998,0.28,0.22400001,16,24,49,27,SCha,30
16707,2,60,8.1999998,0.28,0.22400001,16,24,49,27,SCha,40
16704,2,60,8.1999998,0.28,0.22400001,16,24,49,27,SCha,20
16911,2,60,8.1999998,0.28,0.22400001,16,24,49,27,SCha,20
16660,3,60,8.1999998,0.28,0.22400001,16,24,49,27,SCha,10
16672,3,60,8.1999998,0.28,0.22400001,16,24,49,27,SCha,20
26983,1,60,8.1999998,0.28,0.22400001,16,24,49,27,SCha,100
26984,1,60,8.1999998,0.28,0.22400001,16,24,49,27,SCha,100
26986,1,60,8.1999998,0.28,0.22400001,16,24,49,27,SCha,60
26987,1,60,8.1999998,0.28,0.22400001,16,24,49,27,SCha,50
26981,2,60,8.1999998,0.28,0.22400001,16,24,49,27,SCha,10
26990,2,60,8.1999998,0.28,0.22400001,16,24,49,27,SCha,50
26991,2,60,8.1999998,0.28,0.22400001,16,24,49,27,SCha,30
26992,2,60,8.1999998,0.28,0.22400001,16,24,49,27,SCha,40
26994,2,60,8.1999998,0.28,0.22400001,16,24,49,27,SCha,30
16823,1,60,8.1999998,0.28,0.22400001,16,24,49,27,SCha,100
26989,1,60,8.1999998,0.28,0.22400001,16,24,49,27,SCha,40
26982,2,60,8.1999998,0.28,0.22400001,16,24,49,27,SCha,15
16174,1,80,8.3000002,0.27000001,0.176,17,23,52,25,SCha,100
16175,1,80,8.3000002,0.27000001,0.176,17,23,52,25,SCha,50
26997,2,80,8.3000002,0.27000001,0.176,17,23,52,25,SCha,40
16921,3,80,8.3000002,0.27000001,0.176,17,23,52,25,SCha,10
26904,2,80,8.3000002,0.27000001,0.176,17,23,52,25,SCha,30
26911,1,80,8.3000002,0.27000001,0.176,17,23,52,25,SCha,50
26927,2,80,8.3000002,0.27000001,0.176,17,23,52,25,SCha,10
26956,3,80,8.3000002,0.27000001,0.176,17,23,52,25,SCha,10
16816,1,80,8.3000002,0.27000001,0.176,17,23,52,25,SCha,90
16827,1,80,8.3000002,0.27000001,0.176,17,23,52,25,SCha,40
16710,2,80,8.3000002,0.27000001,0.176,17,23,52,25,SCha,40
16708,2,80,8.3000002,0.27000001,0.176,17,23,52,25,SCha,30
16707,2,80,8.3000002,0.27000001,0.176,17,23,52,25,SCha,40
16704,2,80,8.3000002,0.27000001,0.176,17,23,52,25,SCha,20
16911,2,80,8.3000002,0.27000001,0.176,17,23,52,25,SCha,20
16660,3,80,8.3000002,0.27000001,0.176,17,23,52,25,SCha,10
16672,3,80,8.3000002,0.27000001,0.176,17,23,52,25,SCha,20
26983,1,80,8.3000002,0.27000001,0.176,17,23,52,25,SCha,100
26984,1,80,8.3000002,0.27000001,0.176,17,23,52,25,SCha,100
26986,1,80,8.3000002,0.27000001,0.176,17,23,52,25,SCha,60
26987,1,80,8.3000002,0.27000001,0.176,17,23,52,25,SCha,50
26981,2,80,8.3000002,0.27000001,0.176,17,23,52,25,SCha,10
26990,2,80,8.3000002,0.27000001,0.176,17,23,52,25,SCha,50
26991,2,80,8.3000002,0.27000001,0.176,17,23,52,25,SCha,30
26992,2,80,8.3000002,0.27000001,0.176,17,23,52,25,SCha,40
26994,2,80,8.3000002,0.27000001,0.176,17,23,52,25,SCha,30
16823,1,80,8.3000002,0.27000001,0.176,17,23,52,25,SCha,100
26989,1,80,8.3000002,0.27000001,0.176,17,23,52,25,SCha,40
26982,2,80,8.3000002,0.27000001,0.176,17,23,52,25,SCha,15
16174,1,100,8.3999996,0.44,0.153,13,19,58,23,SCha,100
16175,1,100,8.3999996,0.44,0.153,13,19,58,23,SCha,50
26997,2,100,8.3999996,0.44,0.153,13,19,58,23,SCha,40
16921,3,100,8.3999996,0.44,0.153,13,19,58,23,SCha,10
26904,2,100,8.3999996,0.44,0.153,13,19,58,23,SCha,30
26911,1,100,8.3999996,0.44,0.153,13,19,58,23,SCha,50
26927,2,100,8.3999996,0.44,0.153,13,19,58,23,SCha,10
26956,3,100,8.3999996,0.44,0.153,13,19,58,23,SCha,10
16816,1,100,8.3999996,0.44,0.153,13,19,58,23,SCha,90
16827,1,100,8.3999996,0.44,0.153,13,19,58,23,SCha,40
16710,2,100,8.3999996,0.44,0.153,13,19,58,23,SCha,40
16708,2,100,8.3999996,0.44,0.153,13,19,58,23,SCha,30
16707,2,100,8.3999996,0.44,0.153,13,19,58,23,SCha,40
16704,2,100,8.3999996,0.44,0.153,13,19,58,23,SCha,20
16911,2,100,8.3999996,0.44,0.153,13,19,58,23,SCha,20
16660,3,100,8.3999996,0.44,0.153,13,19,58,23,SCha,10
16672,3,100,8.3999996,0.44,0.153,13,19,58,23,SCha,20
26983,1,100,8.3999996,0.44,0.153,13,19,58,23,SCha,100
26984,1,100,8.3999996,0.44,0.153,13,19,58,23,SCha,100
26986,1,100,8.3999996,0.44,0.153,13,19,58,23,SCha,60
26987,1,100,8.3999996,0.44,0.153,13,19,58,23,SCha,50
26981,2,100,8.3999996,0.44,0.153,13,19,58,23,SCha,10
26990,2,100,8.3999996,0.44,0.153,13,19,58,23,SCha,50
26991,2,100,8.3999996,0.44,0.153,13,19,58,23,SCha,30
26992,2,100,8.3999996,0.44,0.153,13,19,58,23,SCha,40
26994,2,100,8.3999996,0.44,0.153,13,19,58,23,SCha,30
16823,1,100,8.3999996,0.44,0.153,13,19,58,23,SCha,100
26989,1,100,8.3999996,0.44,0.153,13,19,58,23,SCha,40
26982,2,100,8.3999996,0.44,0.153,13,19,58,23,SCha,15
16174,1,150,8.1999998,0.20999999,0.109,17,22,53,25,SCha,100
16175,1,150,8.1999998,0.20999999,0.109,17,22,53,25,SCha,50
26997,2,150,8.1999998,0.20999999,0.109,17,22,53,25,SCha,40
16921,3,150,8.1999998,0.20999999,0.109,17,22,53,25,SCha,10
26904,2,150,8.1999998,0.20999999,0.109,17,22,53,25,SCha,30
26911,1,150,8.1999998,0.20999999,0.109,17,22,53,25,SCha,50
26927,2,150,8.1999998,0.20999999,0.109,17,22,53,25,SCha,10
26956,3,150,8.1999998,0.20999999,0.109,17,22,53,25,SCha,10
16816,1,150,8.1999998,0.20999999,0.109,17,22,53,25,SCha,90
16827,1,150,8.1999998,0.20999999,0.109,17,22,53,25,SCha,40
16710,2,150,8.1999998,0.20999999,0.109,17,22,53,25,SCha,40
16708,2,150,8.1999998,0.20999999,0.109,17,22,53,25,SCha,30
16707,2,150,8.1999998,0.20999999,0.109,17,22,53,25,SCha,40
16704,2,150,8.1999998,0.20999999,0.109,17,22,53,25,SCha,20
16911,2,150,8.1999998,0.20999999,0.109,17,22,53,25,SCha,20
16660,3,150,8.1999998,0.20999999,0.109,17,22,53,25,SCha,10
16672,3,150,8.1999998,0.20999999,0.109,17,22,53,25,SCha,20
26983,1,150,8.1999998,0.20999999,0.109,17,22,53,25,SCha,100
26984,1,150,8.1999998,0.20999999,0.109,17,22,53,25,SCha,100
26986,1,150,8.1999998,0.20999999,0.109,17,22,53,25,SCha,60
26987,1,150,8.1999998,0.20999999,0.109,17,22,53,25,SCha,50
26981,2,150,8.1999998,0.20999999,0.109,17,22,53,25,SCha,10
26990,2,150,8.1999998,0.20999999,0.109,17,22,53,25,SCha,50
26991,2,150,8.1999998,0.20999999,0.109,17,22,53,25,SCha,30
26992,2,150,8.1999998,0.20999999,0.109,17,22,53,25,SCha,40
26994,2,150,8.1999998,0.20999999,0.109,17,22,53,25,SCha,30
16823,1,150,8.1999998,0.20999999,0.109,17,22,53,25,SCha,100
26989,1,150,8.1999998,0.20999999,0.109,17,22,53,25,SCha,40
26982,2,150,8.1999998,0.20999999,0.109,17,22,53,25,SCha,15
17533,1,0,7.9000001,1.9299999,0.704,16,26,42,32,SNgl,100
26995,1,0,7.9000001,1.9299999,0.704,16,26,42,32,SNgl,100
17533,1,20,8.3999996,0.44999999,0.35100001,16,31,36,33,SNgl,100
26995,1,20,8.3999996,0.44999999,0.35100001,16,31,36,33,SNgl,100
17533,1,40,8.6999998,0.38999999,0.25999999,16,32,36,32,SNgl,100
26995,1,40,8.6999998,0.38999999,0.25999999,16,32,36,32,SNgl,100
17533,1,60,8.8999996,0.28,0.23099999,17,33,32,35,SNgl,100
26995,1,60,8.8999996,0.28,0.23099999,17,33,32,35,SNgl,100
17533,1,80,9.1000004,0.31,0.178,18,32,32,36,SNgl,100
26995,1,80,9.1000004,0.31,0.178,18,32,32,36,SNgl,100
17533,1,100,9.1999998,0.28,0.15700001,19,34,32,34,SNgl,100
26995,1,100,9.1999998,0.28,0.15700001,19,34,32,34,SNgl,100
17533,1,150,9.1000004,0.23999999,0.131,20,32,25,43,SNgl,100
26995,1,150,9.1000004,0.23999999,0.131,20,32,25,43,SNgl,100
26940,2,0,8.3000002,0.58999997,0.56300002,17,21,49,30,SNha,20
26993,1,0,8.3000002,0.58999997,0.56300002,17,21,49,30,SNha,60
26990,1,0,8.3000002,0.58999997,0.56300002,17,21,49,30,SNha,50
26991,1,0,8.3000002,0.58999997,0.56300002,17,21,49,30,SNha,50
26994,1,0,8.3000002,0.58999997,0.56300002,17,21,49,30,SNha,60
26996,1,0,8.3000002,0.58999997,0.56300002,17,21,49,30,SNha,70
26997,1,0,8.3000002,0.58999997,0.56300002,17,21,49,30,SNha,40
26992,1,0,8.3000002,0.58999997,0.56300002,17,21,49,30,SNha,60
17406,1,0,8.3000002,0.58999997,0.56300002,17,21,49,30,SNha,100
27026,1,0,8.3000002,0.58999997,0.56300002,17,21,49,30,SNha,100
27027,1,0,8.3000002,0.58999997,0.56300002,17,21,49,30,SNha,100
26940,2,20,8.6999998,0.5,0.38599998,21,30,41,29,SNha,20
26993,1,20,8.6999998,0.5,0.38599998,21,30,41,29,SNha,60
26990,1,20,8.6999998,0.5,0.38599998,21,30,41,29,SNha,50
26991,1,20,8.6999998,0.5,0.38599998,21,30,41,29,SNha,50
26994,1,20,8.6999998,0.5,0.38599998,21,30,41,29,SNha,60
26996,1,20,8.6999998,0.5,0.38599998,21,30,41,29,SNha,70
26997,1,20,8.6999998,0.5,0.38599998,21,30,41,29,SNha,40
26992,1,20,8.6999998,0.5,0.38599998,21,30,41,29,SNha,60
26993,1,60,8.8000002,0.34,0.23499998,19,26,46,28,SNha,60
26990,1,60,8.8000002,0.34,0.23499998,19,26,46,28,SNha,50
26991,1,60,8.8000002,0.34,0.23499998,19,26,46,28,SNha,50
26994,1,60,8.8000002,0.34,0.23499998,19,26,46,28,SNha,60
26996,1,60,8.8000002,0.34,0.23499998,19,26,46,28,SNha,70
26997,1,60,8.8000002,0.34,0.23499998,19,26,46,28,SNha,40
26992,1,60,8.8000002,0.34,0.23499998,19,26,46,28,SNha,60
17406,1,60,8.8000002,0.34,0.23499998,19,26,46,28,SNha,100
17406,1,20,8.6999998,0.5,0.38599998,21,30,41,29,SNha,100
27026,1,20,8.6999998,0.5,0.38599998,21,30,41,29,SNha,100
27027,1,20,8.6999998,0.5,0.38599998,21,30,41,29,SNha,100
26940,2,40,8.8000002,0.38,0.27899998,20,28,43,29,SNha,20
26993,1,40,8.8000002,0.38,0.27899998,20,28,43,29,SNha,60
26990,1,40,8.8000002,0.38,0.27899998,20,28,43,29,SNha,50
26991,1,40,8.8000002,0.38,0.27899998,20,28,43,29,SNha,50
26994,1,40,8.8000002,0.38,0.27899998,20,28,43,29,SNha,60
26996,1,40,8.8000002,0.38,0.27899998,20,28,43,29,SNha,70
26997,1,40,8.8000002,0.38,0.27899998,20,28,43,29,SNha,40
26992,1,40,8.8000002,0.38,0.27899998,20,28,43,29,SNha,60
17406,1,40,8.8000002,0.38,0.27899998,20,28,43,29,SNha,100
27026,1,40,8.8000002,0.38,0.27899998,20,28,43,29,SNha,100
27027,1,40,8.8000002,0.38,0.27899998,20,28,43,29,SNha,100
26940,2,60,8.8000002,0.34,0.23499998,19,26,46,28,SNha,20
27026,1,60,8.8000002,0.34,0.23499998,19,26,46,28,SNha,100
27027,1,60,8.8000002,0.34,0.23499998,19,26,46,28,SNha,100
26940,2,80,8.6999998,0.31999999,0.20999999,18,23,48,29,SNha,20
26993,1,80,8.6999998,0.31999999,0.20999999,18,23,48,29,SNha,60
26990,1,80,8.6999998,0.31999999,0.20999999,18,23,48,29,SNha,50
26991,1,80,8.6999998,0.31999999,0.20999999,18,23,48,29,SNha,50
26994,1,80,8.6999998,0.31999999,0.20999999,18,23,48,29,SNha,60
26996,1,80,8.6999998,0.31999999,0.20999999,18,23,48,29,SNha,70
26997,1,80,8.6999998,0.31999999,0.20999999,18,23,48,29,SNha,40
26992,1,80,8.6999998,0.31999999,0.20999999,18,23,48,29,SNha,60
17406,1,80,8.6999998,0.31999999,0.20999999,18,23,48,29,SNha,100
27026,1,80,8.6999998,0.31999999,0.20999999,18,23,48,29,SNha,100
27027,1,80,8.6999998,0.31999999,0.20999999,18,23,48,29,SNha,100
26940,2,100,8.6000004,0.31,0.18200001,17,20,50,30,SNha,20
26993,1,100,8.6000004,0.31,0.18200001,17,20,50,30,SNha,60
26990,1,100,8.6000004,0.31,0.18200001,17,20,50,30,SNha,50
26991,1,100,8.6000004,0.31,0.18200001,17,20,50,30,SNha,50
26994,1,100,8.6000004,0.31,0.18200001,17,20,50,30,SNha,60
26996,1,100,8.6000004,0.31,0.18200001,17,20,50,30,SNha,70
26997,1,100,8.6000004,0.31,0.18200001,17,20,50,30,SNha,40
26992,1,100,8.6000004,0.31,0.18200001,17,20,50,30,SNha,60
17406,1,100,8.6000004,0.31,0.18200001,17,20,50,30,SNha,100
27026,1,100,8.6000004,0.31,0.18200001,17,20,50,30,SNha,100
27027,1,100,8.6000004,0.31,0.18200001,17,20,50,30,SNha,100
26940,2,150,8.6000004,0.25999999,0.18200001,17,19,50,31,SNha,20
26993,1,150,8.6000004,0.25999999,0.18200001,17,19,50,31,SNha,60
26990,1,150,8.6000004,0.25999999,0.18200001,17,19,50,31,SNha,50
26991,1,150,8.6000004,0.25999999,0.18200001,17,19,50,31,SNha,50
26994,1,150,8.6000004,0.25999999,0.18200001,17,19,50,31,SNha,60
26996,1,150,8.6000004,0.25999999,0.18200001,17,19,50,31,SNha,70
26997,1,150,8.6000004,0.25999999,0.18200001,17,19,50,31,SNha,40
26992,1,150,8.6000004,0.25999999,0.18200001,17,19,50,31,SNha,60
17406,1,150,8.6000004,0.25999999,0.18200001,17,19,50,31,SNha,100
27026,1,150,8.6000004,0.25999999,0.18200001,17,19,50,31,SNha,100
27027,1,150,8.6000004,0.25999999,0.18200001,17,19,50,31,SNha,100
7001,1,0,-9,-9,-9,-9,-9,-9,-9,TC,100
7001,1,20,-9,-9,-9,-9,-9,-9,-9,TC,100
7001,1,40,-9,-9,-9,-9,-9,-9,-9,TC,100
7001,1,60,-9,-9,-9,-9,-9,-9,-9,TC,100
7001,1,80,-9,-9,-9,-9,-9,-9,-9,TC,100
7001,1,100,-9,-9,-9,-9,-9,-9,-9,TC,100
7001,1,150,-9,-9,-9,-9,-9,-9,-9,TC,100
17572,1,0,6.6999998,1.54,1.7110001,39,52,21,27,VRha,50
16619,3,0,6.6999998,1.54,1.7110001,39,52,21,27,VRha,10
17572,1,20,6.8000002,0.93000001,0.98400003,40,56,19,25,VRha,50
16619,3,20,6.8000002,0.93000001,0.98400003,40,56,19,25,VRha,10
17572,1,40,6.9000001,0.66000003,0.70999998,41,57,19,24,VRha,50
16619,3,40,6.9000001,0.66000003,0.70999998,41,57,19,24,VRha,10
17572,1,60,7.0999999,0.52999997,0.55199999,40,56,20,24,VRha,50
16619,3,60,7.0999999,0.52999997,0.55199999,40,56,20,24,VRha,10
17572,1,80,7.1999998,0.49000001,0.486,39,56,20,24,VRha,50
16619,3,80,7.1999998,0.49000001,0.486,39,56,20,24,VRha,10
17572,1,100,7.5999999,0.40000001,0.33199999,38,51,22,27,VRha,50
16619,3,100,7.5999999,0.40000001,0.33199999,38,51,22,27,VRha,10
17572,1,150,7.8000002,0.37,0.28800002,39,50,23,27,VRha,50
16619,3,150,7.8000002,0.37,0.28800002,39,50,23,27,VRha,10
17599,1,0,7.3000002,0.92000002,0.90100002,40,55,21,24,VRha,100
17581,1,0,7.3000002,0.92000002,0.90100002,40,55,21,24,VRha,100
16659,2,0,7.3000002,0.92000002,0.90100002,40,55,21,24,VRha,20
27002,1,0,7.3000002,0.92000002,0.90100002,40,55,21,24,VRha,100
27007,1,0,7.3000002,0.92000002,0.90100002,40,55,21,24,VRha,100
27006,2,0,7.3000002,0.92000002,0.90100002,40,55,21,24,VRha,50
27005,1,0,7.3000002,0.92000002,0.90100002,40,55,21,24,VRha,60
27003,1,0,7.3000002,0.92000002,0.90100002,40,55,21,24,VRha,50
27001,1,0,7.3000002,0.92000002,0.90100002,40,55,21,24,VRha,100
27000,1,0,7.3000002,0.92000002,0.90100002,40,55,21,24,VRha,60
26999,1,0,7.3000002,0.92000002,0.90100002,40,55,21,24,VRha,100
26998,3,0,7.3000002,0.92000002,0.90100002,40,55,21,24,VRha,25
26994,3,0,7.3000002,0.92000002,0.90100002,40,55,21,24,VRha,10
26996,2,0,7.3000002,0.92000002,0.90100002,40,55,21,24,VRha,30
27004,1,0,7.3000002,0.92000002,0.90100002,40,55,21,24,VRha,90
27028,1,0,7.3000002,0.92000002,0.90100002,40,55,21,24,VRha,100
27029,1,0,7.3000002,0.92000002,0.90100002,40,55,21,24,VRha,100
26913,1,0,7.3000002,0.92000002,0.90100002,40,55,21,24,VRha,100
27037,2,0,7.3000002,0.92000002,0.90100002,40,55,21,24,VRha,20
26940,3,0,7.3000002,0.92000002,0.90100002,40,55,21,24,VRha,10
16962,3,0,7.3000002,0.92000002,0.90100002,40,55,21,24,VRha,10
16862,1,0,7.3000002,0.92000002,0.90100002,40,55,21,24,VRha,100
16945,2,0,7.3000002,0.92000002,0.90100002,40,55,21,24,VRha,30
16913,2,0,7.3000002,0.92000002,0.90100002,40,55,21,24,VRha,20
16698,3,0,7.3000002,0.92000002,0.90100002,40,55,21,24,VRha,10
16974,2,0,7.3000002,0.92000002,0.90100002,40,55,21,24,VRha,20
16829,1,0,7.3000002,0.92000002,0.90100002,40,55,21,24,VRha,100
16847,1,0,7.3000002,0.92000002,0.90100002,40,55,21,24,VRha,100
17599,1,20,7.5,0.69,0.667,40,56,20,24,VRha,100
17581,1,20,7.5,0.69,0.667,40,56,20,24,VRha,100
16659,2,20,7.5,0.69,0.667,40,56,20,24,VRha,20
27002,1,20,7.5,0.69,0.667,40,56,20,24,VRha,100
27007,1,20,7.5,0.69,0.667,40,56,20,24,VRha,100
27006,2,20,7.5,0.69,0.667,40,56,20,24,VRha,50
27005,1,20,7.5,0.69,0.667,40,56,20,24,VRha,60
27003,1,20,7.5,0.69,0.667,40,56,20,24,VRha,50
27001,1,20,7.5,0.69,0.667,40,56,20,24,VRha,100
27000,1,20,7.5,0.69,0.667,40,56,20,24,VRha,60
26999,1,20,7.5,0.69,0.667,40,56,20,24,VRha,100
26998,3,20,7.5,0.69,0.667,40,56,20,24,VRha,25
26994,3,20,7.5,0.69,0.667,40,56,20,24,VRha,10
26996,2,20,7.5,0.69,0.667,40,56,20,24,VRha,30
27004,1,20,7.5,0.69,0.667,40,56,20,24,VRha,90
27028,1,20,7.5,0.69,0.667,40,56,20,24,VRha,100
27029,1,20,7.5,0.69,0.667,40,56,20,24,VRha,100
26913,1,20,7.5,0.69,0.667,40,56,20,24,VRha,100
27037,2,20,7.5,0.69,0.667,40,56,20,24,VRha,20
26940,3,20,7.5,0.69,0.667,40,56,20,24,VRha,10
16962,3,20,7.5,0.69,0.667,40,56,20,24,VRha,10
16862,1,20,7.5,0.69,0.667,40,56,20,24,VRha,100
16945,2,20,7.5,0.69,0.667,40,56,20,24,VRha,30
16913,2,20,7.5,0.69,0.667,40,56,20,24,VRha,20
16698,3,20,7.5,0.69,0.667,40,56,20,24,VRha,10
16974,2,20,7.5,0.69,0.667,40,56,20,24,VRha,20
16829,1,20,7.5,0.69,0.667,40,56,20,24,VRha,100
16847,1,20,7.5,0.69,0.667,40,56,20,24,VRha,100
17599,1,40,7.6999998,0.63999999,0.58600003,40,57,19,24,VRha,100
17581,1,40,7.6999998,0.63999999,0.58600003,40,57,19,24,VRha,100
16659,2,40,7.6999998,0.63999999,0.58600003,40,57,19,24,VRha,20
27002,1,40,7.6999998,0.63999999,0.58600003,40,57,19,24,VRha,100
27007,1,40,7.6999998,0.63999999,0.58600003,40,57,19,24,VRha,100
27006,2,40,7.6999998,0.63999999,0.58600003,40,57,19,24,VRha,50
27005,1,40,7.6999998,0.63999999,0.58600003,40,57,19,24,VRha,60
27003,1,40,7.6999998,0.63999999,0.58600003,40,57,19,24,VRha,50
27001,1,40,7.6999998,0.63999999,0.58600003,40,57,19,24,VRha,100
27000,1,40,7.6999998,0.63999999,0.58600003,40,57,19,24,VRha,60
26999,1,40,7.6999998,0.63999999,0.58600003,40,57,19,24,VRha,100
26998,3,40,7.6999998,0.63999999,0.58600003,40,57,19,24,VRha,25
26994,3,40,7.6999998,0.63999999,0.58600003,40,57,19,24,VRha,10
26996,2,40,7.6999998,0.63999999,0.58600003,40,57,19,24,VRha,30
27004,1,40,7.6999998,0.63999999,0.58600003,40,57,19,24,VRha,90
27028,1,40,7.6999998,0.63999999,0.58600003,40,57,19,24,VRha,100
27029,1,40,7.6999998,0.63999999,0.58600003,40,57,19,24,VRha,100
26913,1,40,7.6999998,0.63999999,0.58600003,40,57,19,24,VRha,100
27037,2,40,7.6999998,0.63999999,0.58600003,40,57,19,24,VRha,20
26940,3,40,7.6999998,0.63999999,0.58600003,40,57,19,24,VRha,10
16962,3,40,7.6999998,0.63999999,0.58600003,40,57,19,24,VRha,10
16862,1,40,7.6999998,0.63999999,0.58600003,40,57,19,24,VRha,100
16945,2,40,7.6999998,0.63999999,0.58600003,40,57,19,24,VRha,30
16913,2,40,7.6999998,0.63999999,0.58600003,40,57,19,24,VRha,20
16698,3,40,7.6999998,0.63999999,0.58600003,40,57,19,24,VRha,10
16974,2,40,7.6999998,0.63999999,0.58600003,40,57,19,24,VRha,20
16829,1,40,7.6999998,0.63999999,0.58600003,40,57,19,24,VRha,100
16847,1,40,7.6999998,0.63999999,0.58600003,40,57,19,24,VRha,100
17599,1,60,7.6999998,0.62,0.52700001,41,55,20,25,VRha,100
17581,1,60,7.6999998,0.62,0.52700001,41,55,20,25,VRha,100
16659,2,60,7.6999998,0.62,0.52700001,41,55,20,25,VRha,20
27002,1,60,7.6999998,0.62,0.52700001,41,55,20,25,VRha,100
27007,1,60,7.6999998,0.62,0.52700001,41,55,20,25,VRha,100
27006,2,60,7.6999998,0.62,0.52700001,41,55,20,25,VRha,50
27005,1,60,7.6999998,0.62,0.52700001,41,55,20,25,VRha,60
27003,1,60,7.6999998,0.62,0.52700001,41,55,20,25,VRha,50
27001,1,60,7.6999998,0.62,0.52700001,41,55,20,25,VRha,100
27000,1,60,7.6999998,0.62,0.52700001,41,55,20,25,VRha,60
26999,1,60,7.6999998,0.62,0.52700001,41,55,20,25,VRha,100
26998,3,60,7.6999998,0.62,0.52700001,41,55,20,25,VRha,25
26994,3,60,7.6999998,0.62,0.52700001,41,55,20,25,VRha,10
26996,2,60,7.6999998,0.62,0.52700001,41,55,20,25,VRha,30
27004,1,60,7.6999998,0.62,0.52700001,41,55,20,25,VRha,90
27028,1,60,7.6999998,0.62,0.52700001,41,55,20,25,VRha,100
27029,1,60,7.6999998,0.62,0.52700001,41,55,20,25,VRha,100
26913,1,60,7.6999998,0.62,0.52700001,41,55,20,25,VRha,100
27037,2,60,7.6999998,0.62,0.52700001,41,55,20,25,VRha,20
26940,3,60,7.6999998,0.62,0.52700001,41,55,20,25,VRha,10
16962,3,60,7.6999998,0.62,0.52700001,41,55,20,25,VRha,10
16862,1,60,7.6999998,0.62,0.52700001,41,55,20,25,VRha,100
16945,2,60,7.6999998,0.62,0.52700001,41,55,20,25,VRha,30
16913,2,60,7.6999998,0.62,0.52700001,41,55,20,25,VRha,20
16698,3,60,7.6999998,0.62,0.52700001,41,55,20,25,VRha,10
16974,2,60,7.6999998,0.62,0.52700001,41,55,20,25,VRha,20
16829,1,60,7.6999998,0.62,0.52700001,41,55,20,25,VRha,100
16847,1,60,7.6999998,0.62,0.52700001,41,55,20,25,VRha,100
17599,1,80,7.6999998,0.54000002,0.47199997,40,55,20,25,VRha,100
17581,1,80,7.6999998,0.54000002,0.47199997,40,55,20,25,VRha,100
16659,2,80,7.6999998,0.54000002,0.47199997,40,55,20,25,VRha,20
27002,1,80,7.6999998,0.54000002,0.47199997,40,55,20,25,VRha,100
27007,1,80,7.6999998,0.54000002,0.47199997,40,55,20,25,VRha,100
27006,2,80,7.6999998,0.54000002,0.47199997,40,55,20,25,VRha,50
27005,1,80,7.6999998,0.54000002,0.47199997,40,55,20,25,VRha,60
27003,1,80,7.6999998,0.54000002,0.47199997,40,55,20,25,VRha,50
27001,1,80,7.6999998,0.54000002,0.47199997,40,55,20,25,VRha,100
27000,1,80,7.6999998,0.54000002,0.47199997,40,55,20,25,VRha,60
26999,1,80,7.6999998,0.54000002,0.47199997,40,55,20,25,VRha,100
26998,3,80,7.6999998,0.54000002,0.47199997,40,55,20,25,VRha,25
26994,3,80,7.6999998,0.54000002,0.47199997,40,55,20,25,VRha,10
26996,2,80,7.6999998,0.54000002,0.47199997,40,55,20,25,VRha,30
27004,1,80,7.6999998,0.54000002,0.47199997,40,55,20,25,VRha,90
27028,1,80,7.6999998,0.54000002,0.47199997,40,55,20,25,VRha,100
27029,1,80,7.6999998,0.54000002,0.47199997,40,55,20,25,VRha,100
26913,1,80,7.6999998,0.54000002,0.47199997,40,55,20,25,VRha,100
27037,2,80,7.6999998,0.54000002,0.47199997,40,55,20,25,VRha,20
26940,3,80,7.6999998,0.54000002,0.47199997,40,55,20,25,VRha,10
16962,3,80,7.6999998,0.54000002,0.47199997,40,55,20,25,VRha,10
16862,1,80,7.6999998,0.54000002,0.47199997,40,55,20,25,VRha,100
16945,2,80,7.6999998,0.54000002,0.47199997,40,55,20,25,VRha,30
16913,2,80,7.6999998,0.54000002,0.47199997,40,55,20,25,VRha,20
16698,3,80,7.6999998,0.54000002,0.47199997,40,55,20,25,VRha,10
16974,2,80,7.6999998,0.54000002,0.47199997,40,55,20,25,VRha,20
16829,1,80,7.6999998,0.54000002,0.47199997,40,55,20,25,VRha,100
16847,1,80,7.6999998,0.54000002,0.47199997,40,55,20,25,VRha,100
17599,1,100,7.8000002,0.47999999,0.384,40,53,21,26,VRha,100
17581,1,100,7.8000002,0.47999999,0.384,40,53,21,26,VRha,100
16659,2,100,7.8000002,0.47999999,0.384,40,53,21,26,VRha,20
27002,1,100,7.8000002,0.47999999,0.384,40,53,21,26,VRha,100
27007,1,100,7.8000002,0.47999999,0.384,40,53,21,26,VRha,100
27006,2,100,7.8000002,0.47999999,0.384,40,53,21,26,VRha,50
27005,1,100,7.8000002,0.47999999,0.384,40,53,21,26,VRha,60
27003,1,100,7.8000002,0.47999999,0.384,40,53,21,26,VRha,50
27001,1,100,7.8000002,0.47999999,0.384,40,53,21,26,VRha,100
27000,1,100,7.8000002,0.47999999,0.384,40,53,21,26,VRha,60
26999,1,100,7.8000002,0.47999999,0.384,40,53,21,26,VRha,100
26998,3,100,7.8000002,0.47999999,0.384,40,53,21,26,VRha,25
26994,3,100,7.8000002,0.47999999,0.384,40,53,21,26,VRha,10
26996,2,100,7.8000002,0.47999999,0.384,40,53,21,26,VRha,30
27004,1,100,7.8000002,0.47999999,0.384,40,53,21,26,VRha,90
27028,1,100,7.8000002,0.47999999,0.384,40,53,21,26,VRha,100
27029,1,100,7.8000002,0.47999999,0.384,40,53,21,26,VRha,100
26913,1,100,7.8000002,0.47999999,0.384,40,53,21,26,VRha,100
27037,2,100,7.8000002,0.47999999,0.384,40,53,21,26,VRha,20
26940,3,100,7.8000002,0.47999999,0.384,40,53,21,26,VRha,10
16962,3,100,7.8000002,0.47999999,0.384,40,53,21,26,VRha,10
16862,1,100,7.8000002,0.47999999,0.384,40,53,21,26,VRha,100
16945,2,100,7.8000002,0.47999999,0.384,40,53,21,26,VRha,30
16913,2,100,7.8000002,0.47999999,0.384,40,53,21,26,VRha,20
16698,3,100,7.8000002,0.47999999,0.384,40,53,21,26,VRha,10
16974,2,100,7.8000002,0.47999999,0.384,40,53,21,26,VRha,20
16829,1,100,7.8000002,0.47999999,0.384,40,53,21,26,VRha,100
16847,1,100,7.8000002,0.47999999,0.384,40,53,21,26,VRha,100
17599,1,150,7.9000001,0.38,0.294,36,46,24,30,VRha,100
17581,1,150,7.9000001,0.38,0.294,36,46,24,30,VRha,100
16659,2,150,7.9000001,0.38,0.294,36,46,24,30,VRha,20
27002,1,150,7.9000001,0.38,0.294,36,46,24,30,VRha,100
27007,1,150,7.9000001,0.38,0.294,36,46,24,30,VRha,100
27006,2,150,7.9000001,0.38,0.294,36,46,24,30,VRha,50
27005,1,150,7.9000001,0.38,0.294,36,46,24,30,VRha,60
27003,1,150,7.9000001,0.38,0.294,36,46,24,30,VRha,50
27001,1,150,7.9000001,0.38,0.294,36,46,24,30,VRha,100
27000,1,150,7.9000001,0.38,0.294,36,46,24,30,VRha,60
26999,1,150,7.9000001,0.38,0.294,36,46,24,30,VRha,100
26998,3,150,7.9000001,0.38,0.294,36,46,24,30,VRha,25
26994,3,150,7.9000001,0.38,0.294,36,46,24,30,VRha,10
26996,2,150,7.9000001,0.38,0.294,36,46,24,30,VRha,30
27004,1,150,7.9000001,0.38,0.294,36,46,24,30,VRha,90
27028,1,150,7.9000001,0.38,0.294,36,46,24,30,VRha,100
27029,1,150,7.9000001,0.38,0.294,36,46,24,30,VRha,100
26913,1,150,7.9000001,0.38,0.294,36,46,24,30,VRha,100
27037,2,150,7.9000001,0.38,0.294,36,46,24,30,VRha,20
26940,3,150,7.9000001,0.38,0.294,36,46,24,30,VRha,10
16962,3,150,7.9000001,0.38,0.294,36,46,24,30,VRha,10
16862,1,150,7.9000001,0.38,0.294,36,46,24,30,VRha,100
16945,2,150,7.9000001,0.38,0.294,36,46,24,30,VRha,30
16913,2,150,7.9000001,0.38,0.294,36,46,24,30,VRha,20
16698,3,150,7.9000001,0.38,0.294,36,46,24,30,VRha,10
16974,2,150,7.9000001,0.38,0.294,36,46,24,30,VRha,20
16829,1,150,7.9000001,0.38,0.294,36,46,24,30,VRha,100
16847,1,150,7.9000001,0.38,0.294,36,46,24,30,VRha,100
16806,3,0,6.8000002,1.77,1.819,41,55,13,32,VRha,20
16806,3,20,7.0999999,1.1799999,1.064,41,58,12,30,VRha,20
16806,3,40,7.3000002,0.93000001,0.81199998,41,58,12,30,VRha,20
16806,3,60,7.5,0.83999997,0.68599999,41,58,12,30,VRha,20
16806,3,80,7.5999999,0.72000003,0.53200001,41,56,13,31,VRha,20
16806,3,100,7.6999998,0.62,0.421,38,54,13,33,VRha,20
16806,3,150,7.9000001,0.63,0.27899998,35,52,13,35,VRha,20
16828,1,0,7.8000002,1.11,0.96999997,39,54,18,28,VRcc,90
26998,1,20,8,0.79000002,0.71500003,40,56,17,27,VRcc,50
27000,3,20,8,0.79000002,0.71500003,40,56,17,27,VRcc,20
27006,1,20,8,0.79000002,0.71500003,40,56,17,27,VRcc,50
26998,1,0,7.8000002,1.11,0.96999997,39,54,18,28,VRcc,50
27000,3,0,7.8000002,1.11,0.96999997,39,54,18,28,VRcc,20
27006,1,0,7.8000002,1.11,0.96999997,39,54,18,28,VRcc,50
16828,1,20,8,0.79000002,0.71500003,40,56,17,27,VRcc,90
26998,1,40,8.1000004,0.69,0.616,40,57,16,27,VRcc,50
27000,3,40,8.1000004,0.69,0.616,40,57,16,27,VRcc,20
27006,1,40,8.1000004,0.69,0.616,40,57,16,27,VRcc,50
16828,1,40,8.1000004,0.69,0.616,40,57,16,27,VRcc,90
26998,1,60,8.1000004,0.62,0.48499998,39,57,16,27,VRcc,50
27000,3,60,8.1000004,0.62,0.48499998,39,57,16,27,VRcc,20
27006,1,60,8.1000004,0.62,0.48499998,39,57,16,27,VRcc,50
16828,1,60,8.1000004,0.62,0.48499998,39,57,16,27,VRcc,90
26998,1,80,8.1999998,0.54000002,0.45700002,38,55,17,28,VRcc,50
27000,3,80,8.1999998,0.54000002,0.45700002,38,55,17,28,VRcc,20
27006,1,80,8.1999998,0.54000002,0.45700002,38,55,17,28,VRcc,50
16828,1,80,8.1999998,0.54000002,0.45700002,38,55,17,28,VRcc,90
26998,1,100,8.1999998,0.46000001,0.354,36,55,16,29,VRcc,50
27000,3,100,8.1999998,0.46000001,0.354,36,55,16,29,VRcc,20
27006,1,100,8.1999998,0.46000001,0.354,36,55,16,29,VRcc,50
16828,1,100,8.1999998,0.46000001,0.354,36,55,16,29,VRcc,90
26998,1,150,8.1000004,0.44,0.30699998,35,55,15,30,VRcc,50
27000,3,150,8.1000004,0.44,0.30699998,35,55,15,30,VRcc,20
27006,1,150,8.1000004,0.44,0.30699998,35,55,15,30,VRcc,50
16828,1,150,8.1000004,0.44,0.30699998,35,55,15,30,VRcc,90
27000,2,0,7.9000001,1.23,0.94999999,30,51,14,35,VRgy,20
26998,2,0,7.9000001,1.23,0.94999999,30,51,14,35,VRgy,25
27000,2,20,8,0.82999998,0.58000004,33,51,14,35,VRgy,20
26998,2,20,8,0.82999998,0.58000004,33,51,14,35,VRgy,25
27000,2,40,8.1000004,0.73000002,0.44099998,31,53,13,34,VRgy,20
26998,2,40,8.1000004,0.73000002,0.44099998,31,53,13,34,VRgy,25
27000,2,60,8.1000004,0.50999999,0.32600001,30,53,13,34,VRgy,20
26998,2,60,8.1000004,0.50999999,0.32600001,30,53,13,34,VRgy,25
27000,2,80,8.1000004,0.46000001,0.29100001,31,53,11,36,VRgy,20
26998,2,80,8.1000004,0.46000001,0.29100001,31,53,11,36,VRgy,25
27000,2,100,8,0.31999999,0.249,29,55,5,40,VRgy,20
26998,2,100,8,0.31999999,0.249,29,55,5,40,VRgy,25
27000,2,150,8,0.34999999,0.252,27,58,5,37,VRgy,20
26998,2,150,8,0.34999999,0.252,27,58,5,37,VRgy,25
16180,1,0,-1,-1,-1,-1,-1,-1,-1,WR,100
16180,1,20,-1,-1,-1,-1,-1,-1,-1,WR,100
16180,1,40,-1,-1,-1,-1,-1,-1,-1,WR,100
16180,1,60,-1,-1,-1,-1,-1,-1,-1,WR,100
16180,1,80,-1,-1,-1,-1,-1,-1,-1,WR,100
16180,1,100,-1,-1,-1,-1,-1,-1,-1,WR,100
16180,1,150,-1,-1,-1,-1,-1,-1,-1,WR,100
16994,1,0,-1,-1,-1,-1,-1,-1,-1,WR,100
16994,1,20,-1,-1,-1,-1,-1,-1,-1,WR,100
16994,1,40,-1,-1,-1,-1,-1,-1,-1,WR,100
16994,1,60,-1,-1,-1,-1,-1,-1,-1,WR,100
16994,1,80,-1,-1,-1,-1,-1,-1,-1,WR,100
16994,1,100,-1,-1,-1,-1,-1,-1,-1,WR,100
16994,1,150,-1,-1,-1,-1,-1,-1,-1,WR,100
